PASS WASM stack: 435 independent order/offset/missing cases, exact keys/ranks/source metadata, signed zero/NaN, copies/repeated/disposal independence and bounded diagnostics.
PASS WASM stack: 762 reference chart comparisons plus 48 explicit off-scale publication-precision diagnostics, exact sparse path commands/source anchors, signed bar extents, reversed input, wire roundtrip, clipping and focus without synthetic targets.
node:assert:152
  throw new AssertionError(obj);
  ^

AssertionError [ERR_ASSERTION]: ["None","None",false,false,2]
+ actual - expected
... Skipped lines

+ Uint8Array(19472) [
- Uint8Array(19748) [
    137,
    80,
    78,
    71,
    13,
...
    0,
+   75,
+   194,
-   76,
-   214,
    73,
    68,
    65,
    84,
    120,
...
    85,
-   120,
-   160,
-   191,
-   252,
-   171,
-   191,
-   225,
-   67,
-   63,
-   242,
-   99,
    248,
-   227,
-   223,
-   251,
-   77,
-   254,
-   7,
-   67,
-   182,
-   205,
-   127,
-   177,
-   247,
-   255,
-   224,
-   15,
-   231,
-   99,
-   62,
-   242,
-   195,
-   120,
-   177,
-   199,
-   62,
-   134,
-   171,
-   174,
-   186,
-   234,
-   170,
-   171,
-   174,
-   186,
-   223,
-   222,
-   106,
-   226,
-   37,
-   63,
-   251,
-   87,
-   120,
-   81,
-   189,
-   242,
-   67,
-   79,
-   242,
-   195,
-   31,
-   248,
-   42,
-   60,
-   208,
    95,
+   8,
-   254,
-   213,
-   223,
-   240,
-   161,
-   31,
-   249,
-   49,
-   252,
-   241,
-   239,
-   253,
-   38,
-   255,
-   131,
-   33,
-   219,
-   230,
-   191,
-   216,
-   251,
-   127,
-   240,
-   135,
-   243,
-   49,
-   31,
-   249,
-   97,
-   188,
-   216,
-   99,
-   31,
-   195,
-   85,
-   87,
-   93,
-   117,
-   213,
-   85,
-   87,
-   221,
-   111,
-   111,
-   53,
-   241,
-   146,
-   159,
-   253,
-   43,
-   188,
-   168,
-   94,
-   249,
-   161,
-   39,
-   249,
-   225,
-   15,
-   124,
-   21,
-   30,
-   232,
-   47,
-   255,
-   234,
-   111,
-   248,
-   208,
-   143,
-   252,
-   24,
-   126,
-   253,
-   151,
-   126,
-   142,
-   39,
-   63,
-   229,
-   41,
-   0,
-   188,
-   204,
-   75,
-   191,
-   20,
-   255,
-   195,
-   32,
-   219,
-   230,
-   191,
-   216,
-   251,
-   127,
-   240,
-   135,
-   243,
-   49,
-   31,
-   249,
-   97,
-   188,
-   216,
-   99,
-   31,
-   195,
-   85,
-   87,
-   93,
-   117,
-   213,
-   85,
-   87,
-   221,
-   111,
-   111,
-   53,
-   241,
-   146,
-   159,
-   253,
-   43,
-   188,
-   168,
-   94,
-   249,
-   161,
-   39,
-   249,
-   225,
-   15,
-   124,
-   21,
-   30,
-   232,
-   47,
-   255,
-   234,
-   111,
-   248,
-   208,
-   143,
-   252,
-   24,
-   94,
-   246,
-   165,
-   95,
-   138,
-   151,
-   125,
-   153,
-   151,
-   230,
-   23,
-   126,
-   233,
-   151,
    217,
-   222,
-   222,
-   230,
-   123,
-   191,
-   243,
-   91,
-   249,
-   31,
-   4,
-   217,
    54,
    255,
    197,
    222,
    255,
...
    240,
+   191,
+   16,
-   64,
-   127,
-   249,
-   87,
-   127,
-   195,
-   135,
-   126,
-   228,
-   199,
-   240,
-   83,
-   63,
-   246,
-   67,
-   92,
-   127,
-   221,
-   181,
-   0,
-   188,
-   205,
-   59,
-   188,
-   11,
-   239,
-   255,
-   190,
-   239,
-   205,
-   155,
-   189,
-   201,
-   27,
-   241,
-   63,
-   4,
    178,
    109,
    254,
    139,
    189,
...
    225,
+   185,
+   29,
+   28,
+   28,
-   129,
-   254,
    242,
+   228,
+   167,
+   60,
+   5,
+   128,
+   235,
+   174,
+   187,
+   142,
+   235,
    175,
+   187,
+   150,
+   255,
+   97,
+   144,
+   109,
+   243,
+   95,
+   236,
-   254,
-   134,
-   15,
    253,
+   63,
+   248,
+   195,
+   249,
+   152,
-   200,
    143,
+   252,
+   48,
+   94,
+   236,
+   177,
-   225,
    143,
-   127,
-   239,
-   55,
-   185,
-   223,
-   231,
-   125,
    225,
+   170,
+   171,
+   174,
+   186,
+   234,
+   170,
+   171,
+   238,
+   183,
+   183,
+   154,
+   120,
+   201,
+   207,
-   151,
-   112,
-   253,
-   117,
-   215,
-   241,
    254,
+   21,
-   239,
-   251,
    94,
+   84,
+   175,
    252,
+   208,
+   147,
+   252,
+   240,
+   7,
+   190,
+   10,
+   207,
+   237,
+   243,
+   190,
+   240,
+   75,
+   216,
+   218,
+   218,
+   98,
+   123,
+   107,
+   139,
+   31,
+   254,
+   177,
+   31,
+   231,
+   75,
+   191,
+   240,
+   243,
+   121,
+   217,
+   151,
+   121,
+   41,
+   254,
+   7,
+   65,
+   182,
+   205,
+   127,
+   177,
+   247,
+   255,
+   224,
    15,
+   231,
+   99,
+   62,
+   242,
+   195,
+   120,
+   177,
+   199,
+   62,
+   134,
+   171,
+   174,
+   186,
+   234,
+   170,
+   171,
+   174,
+   186,
+   223,
+   222,
+   106,
+   226,
+   37,
+   63,
+   251,
+   87,
+   120,
+   81,
+   189,
+   242,
+   67,
+   79,
+   242,
+   195,
+   31,
+   248,
+   42,
+   188,
+   48,
+   223,
+   254,
+   157,
+   223,
+   3,
+   192,
+   251,
+   191,
-   129,
-   108,
-   155,
-   255,
-   98,
    239,
+   123,
+   241,
+   63,
+   8,
+   178,
+   109,
+   254,
+   139,
+   189,
    255,
+   7,
+   127,
+   56,
-   193,
    31,
+   243,
+   145,
+   31,
+   198,
+   139,
+   61,
+   246,
+   49,
+   92,
-   206,
-   199,
-   124,
-   228,
-   135,
-   241,
-   98,
-   143,
-   125,
-   12,
-   87,
-   93,
    117,
    213,
    85,
    87,
    93,
    117,
-   191,
-   189,
    213,
+   253,
-   196,
-   75,
-   126,
    246,
+   86,
+   19,
+   47,
+   249,
+   217,
+   191,
+   194,
+   139,
+   234,
+   149,
+   31,
-   175,
-   240,
-   162,
    122,
+   146,
+   31,
+   254,
+   192,
+   87,
+   225,
+   185,
+   253,
    229,
+   95,
+   253,
+   13,
+   127,
+   245,
+   215,
+   127,
+   195,
+   95,
+   254,
+   213,
+   95,
+   115,
+   215,
+   61,
+   247,
-   135,
-   158,
-   228,
-   135,
-   63,
    240,
+   102,
+   111,
-   85,
-   120,
-   160,
-   191,
    252,
+   70,
-   171,
-   191,
-   225,
-   67,
-   63,
-   242,
-   99,
-   248,
-   227,
-   223,
-   251,
-   77,
-   238,
-   247,
-   237,
-   223,
-   249,
-   61,
-   0,
    188,
    255,
    251,
    190,
    23,
    255,
+   131,
-   67,
    32,
    219,
    230,
    191,
    216,
...
    232,
+   119,
+   127,
+   239,
+   15,
-   47,
-   255,
-   234,
-   111,
    248,
+   182,
+   239,
-   208,
-   143,
    252,
+   110,
+   62,
+   230,
+   35,
+   63,
+   156,
-   24,
-   190,
-   241,
-   107,
-   191,
-   138,
    151,
    125,
    153,
    151,
+   226,
+   219,
+   191,
+   243,
+   123,
+   0,
+   120,
-   2,
-   224,
-   109,
-   222,
-   241,
-   93,
-   121,
    255,
    247,
+   125,
-   121,
    47,
+   254,
+   7,
+   65,
+   182,
+   205,
+   127,
+   177,
+   247,
-   222,
-   236,
-   77,
-   222,
-   136,
    255,
+   224,
+   15,
+   231,
+   99,
+   62,
+   242,
-   33,
-   144,
-   109,
-   243,
-   95,
-   236,
-   253,
-   63,
-   248,
    195,
+   120,
-   249,
-   152,
-   143,
-   252,
-   48,
-   94,
-   236,
    177,
+   199,
+   62,
+   134,
-   143,
-   225,
-   170,
    171,
    174,
    186,
    234,
    170,
    171,
+   174,
+   186,
+   223,
+   222,
+   106,
+   226,
+   37,
+   63,
+   251,
+   87,
-   238,
-   215,
-   210,
-   252,
-   217,
-   173,
-   23,
    120,
    81,
+   189,
+   242,
+   67,
+   79,
+   242,
-   237,
-   44,
-   58,
-   30,
-   123,
-   253,
-   14,
-   15,
-   244,
-   151,
-   127,
-   245,
-   55,
-   124,
-   213,
-   215,
-   126,
-   61,
-   219,
-   91,
-   91,
-   220,
-   112,
    195,
+   31,
+   248,
+   42,
-   245,
    60,
+   208,
+   183,
-   233,
-   201,
-   79,
-   225,
-   17,
-   15,
    127,
+   231,
+   247,
+   0,
+   240,
-   24,
-   159,
-   241,
-   169,
-   159,
-   196,
-   255,
-   32,
-   200,
-   182,
-   249,
-   47,
-   246,
    254,
+   239,
+   251,
+   94,
+   0,
-   31,
-   252,
-   225,
    124,
+   210,
+   167,
+   125,
+   38,
+   143,
+   120,
-   204,
-   71,
-   126,
-   24,
-   47,
-   246,
    216,
+   195,
+   120,
-   199,
-   112,
-   213,
-   85,
-   87,
-   93,
-   117,
-   213,
-   85,
    255,
+   247,
+   125,
+   47,
-   145,
-   14,
-   14,
-   14,
-   185,
-   251,
-   158,
-   123,
-   120,
-   196,
-   195,
-   31,
-   198,
-   95,
    254,
+   7,
-   213,
-   223,
-   176,
-   189,
-   189,
-   197,
-   35,
-   30,
-   254,
-   48,
-   254,
-   135,
    65,
    182,
    205,
    127,
    177,
...
    174,
+   186,
+   95,
+   75,
+   243,
+   103,
+   183,
+   94,
+   224,
+   69,
+   181,
+   179,
+   232,
+   120,
+   236,
+   245,
+   59,
+   60,
+   208,
+   95,
+   254,
+   213,
+   223,
+   240,
+   73,
+   159,
+   246,
+   25,
+   188,
+   217,
+   155,
+   188,
+   49,
-   250,
    127,
-   8,
-   217,
-   54,
-   255,
-   197,
-   222,
-   255,
-   131,
-   63,
-   156,
-   143,
    249,
+   87,
+   127,
+   205,
+   35,
-   200,
-   15,
-   227,
-   197,
    30,
+   254,
+   48,
-   251,
-   24,
    174,
+   191,
+   238,
+   58,
+   222,
-   186,
-   234,
-   170,
-   171,
-   174,
-   186,
-   234,
    255,
+   125,
+   223,
+   139,
-   33,
-   100,
-   219,
-   252,
-   23,
-   123,
    255,
+   65,
-   15,
-   254,
-   112,
-   62,
-   230,
-   35,
-   63,
-   140,
-   23,
-   123,
-   236,
-   99,
-   184,
-   234,
-   170,
-   171,
-   174,
-   186,
-   234,
-   170,
-   255,
-   135,
    144,
    109,
    243,
    95,
    236,
...
    254,
+   163,
+   221,
+   125,
+   207,
+   189,
+   220,
+   125,
+   247,
+   61,
+   92,
-   31,
-   66,
-   182,
-   205,
    127,
+   253,
+   117,
+   108,
+   111,
+   109,
    177,
-   247,
-   255,
-   224,
-   15,
-   231,
-   99,
-   62,
-   242,
-   195,
-   120,
-   177,
-   199,
-   62,
-   134,
-   171,
-   174,
-   186,
-   234,
-   170,
-   171,
-   174,
-   250,
    127,
+   112,
+   192,
+   245,
+   215,
+   93,
+   203,
-   8,
-   217,
-   54,
    255,
+   32,
+   200,
+   182,
-   197,
-   222,
-   255,
-   131,
-   63,
-   156,
-   143,
    249,
+   47,
+   246,
+   254,
+   31,
+   252,
+   225,
+   124,
+   204,
+   71,
+   126,
-   200,
-   15,
-   227,
-   197,
-   30,
-   251,
    24,
+   47,
+   246,
+   216,
+   199,
+   112,
+   213,
+   85,
+   87,
+   93,
+   117,
+   213,
+   85,
-   174,
-   186,
-   234,
-   170,
-   171,
-   174,
-   186,
-   234,
    255,
+   15,
    33,
-   100,
    219,
-   252,
-   23,
-   123,
-   255,
-   15,
-   254,
-   112,
-   62,
    230,
+   191,
+   216,
+   251,
+   127,
+   240,
+   135,
+   243,
+   49,
+   31,
+   249,
+   97,
+   188,
+   216,
+   99,
+   31,
+   195,
+   85,
+   87,
+   93,
+   117,
+   213,
+   85,
+   87,
+   253,
-   35,
    63,
-   140,
-   23,
-   123,
-   236,
-   99,
-   184,
-   234,
-   170,
-   171,
-   174,
-   186,
-   234,
-   170,
-   103,
-   201,
-   6,
-   183,
-   255,
-   49,
-   47,
-   178,
-   217,
-   14,
-   92,
-   247,
-   18,
-   252,
-   47,
    132,
    108,
    155,
    255,
    98,
...
    245,
-   44,
-   171,
-   75,
-   240,
-   197,
-   183,
-   240,
-   34,
-   123,
-   240,
-   171,
-   195,
-   123,
    255,
+   16,
+   178,
+   109,
+   254,
+   139,
+   189,
-   2,
    255,
+   7,
+   127,
+   56,
+   31,
+   243,
+   145,
+   31,
+   198,
+   139,
+   61,
+   246,
+   49,
+   92,
+   117,
+   213,
+   85,
+   87,
+   93,
+   117,
+   213,
+   255,
+   67,
+   200,
+   182,
+   249,
+   47,
+   246,
+   254,
+   31,
+   252,
+   225,
+   124,
+   204,
+   71,
+   126,
+   24,
+   47,
+   246,
+   216,
+   199,
+   112,
+   213,
+   85,
+   87,
+   93,
+   117,
+   213,
+   85,
+   255,
+   15,
-   11,
    33,
    219,
    230,
+   191,
+   216,
-   69,
-   244,
-   228,
-   167,
-   60,
-   149,
-   235,
-   175,
-   187,
-   142,
-   173,
-   173,
-   77,
-   30,
-   232,
-   175,
-   254,
-   250,
-   111,
-   184,
    251,
+   127,
+   240,
+   135,
+   243,
+   49,
+   31,
+   249,
+   97,
+   188,
+   216,
+   99,
+   31,
+   195,
+   85,
+   87,
+   93,
+   117,
+   213,
+   85,
+   87,
+   253,
+   63,
+   132,
+   108,
+   155,
+   255,
+   98,
-   158,
-   123,
-   121,
-   153,
-   151,
-   126,
-   41,
-   174,
-   191,
-   238,
-   90,
-   254,
-   37,
    239,
    255,
    193,
    31,
    206,
...
    44,
+   217,
+   224,
+   246,
+   63,
-   171,
-   75,
-   240,
-   197,
-   183,
-   240,
-   34,
-   123,
-   240,
-   171,
-   195,
-   123,
-   255,
-   2,
-   255,
-   11,
-   33,
-   219,
    230,
    69,
+   54,
+   219,
+   129,
+   235,
+   94,
+   130,
+   255,
+   133,
+   144,
+   109,
+   243,
-   240,
-   249,
    95,
+   236,
+   253,
+   63,
-   244,
-   165,
-   252,
-   252,
-   47,
-   254,
-   50,
-   223,
    248,
+   195,
+   249,
+   152,
+   143,
-   181,
-   95,
-   197,
-   203,
-   190,
-   204,
-   75,
-   113,
-   191,
-   79,
-   250,
-   180,
-   207,
-   100,
-   127,
-   111,
-   159,
-   71,
-   60,
-   226,
-   225,
    252,
-   238,
-   239,
-   253,
-   62,
-   95,
-   250,
-   69,
-   159,
-   207,
-   35,
-   30,
-   254,
    48,
    94,
+   236,
-   152,
-   247,
-   255,
-   224,
-   15,
-   231,
-   99,
-   62,
-   242,
-   195,
-   120,
    177,
+   143,
+   225,
+   170,
-   199,
-   62,
-   134,
    171,
    174,
    186,
    234,
    170,
    171,
+   158,
+   101,
+   117,
+   9,
+   190,
-   174,
-   122,
-   150,
-   213,
-   37,
    248,
+   22,
+   94,
+   100,
+   15,
+   126,
+   117,
-   226,
-   91,
    120,
+   239,
+   95,
+   224,
+   127,
+   33,
+   100,
+   219,
+   188,
+   136,
+   158,
+   252,
+   148,
+   167,
+   114,
+   253,
+   117,
+   215,
+   177,
+   181,
+   181,
+   201,
+   3,
+   253,
-   145,
-   61,
-   248,
    213,
+   95,
-   225,
-   189,
-   127,
-   129,
    255,
+   13,
+   119,
+   223,
+   115,
+   47,
+   47,
-   133,
-   144,
-   109,
    243,
+   210,
    47,
+   197,
-   248,
-   196,
-   79,
-   253,
-   12,
-   30,
-   249,
-   240,
-   135,
-   243,
-   151,
-   127,
    245,
    215,
+   93,
+   203,
+   191,
+   228,
-   188,
-   255,
-   251,
-   190,
-   55,
-   47,
-   251,
-   50,
-   47,
-   5,
-   192,
-   147,
-   159,
-   242,
-   84,
-   62,
-   241,
-   83,
-   62,
-   157,
-   159,
-   250,
-   177,
-   31,
-   2,
-   224,
-   119,
-   127,
-   239,
-   15,
-   248,
-   249,
-   95,
-   250,
-   101,
-   190,
-   244,
-   11,
-   63,
-   143,
-   23,
-   230,
    253,
    63,
    248,
    195,
    249,
...
    219,
+   188,
+   8,
+   62,
+   255,
+   139,
+   190,
+   148,
+   159,
+   255,
+   197,
+   95,
+   230,
+   27,
+   191,
+   246,
+   171,
+   120,
-   252,
-   11,
-   14,
-   14,
-   14,
    217,
+   151,
+   121,
+   41,
+   238,
-   218,
-   218,
-   228,
-   67,
-   63,
-   226,
-   99,
-   120,
-   255,
    247,
+   73,
+   159,
-   125,
-   111,
-   94,
    246,
+   153,
+   236,
-   101,
-   94,
-   10,
-   128,
-   31,
-   249,
-   177,
-   159,
-   224,
-   174,
-   187,
    239,
+   237,
+   243,
+   136,
+   71,
+   60,
+   156,
-   225,
-   99,
-   62,
-   242,
-   195,
-   0,
-   56,
-   56,
-   56,
-   228,
-   245,
    223,
+   253,
+   189,
-   228,
-   45,
-   248,
-   227,
    223,
-   251,
-   77,
-   94,
-   152,
-   247,
-   255,
-   224,
-   15,
    231,
+   75,
+   191,
+   232,
+   243,
+   121,
+   196,
-   99,
-   62,
-   242,
    195,
+   31,
+   198,
+   11,
+   243,
+   254,
+   31,
+   252,
+   225,
+   124,
+   204,
+   71,
+   126,
+   24,
+   47,
+   246,
+   216,
-   120,
-   177,
    199,
+   112,
-   62,
-   134,
-   171,
-   174,
-   186,
-   234,
-   170,
-   171,
-   174,
-   122,
-   150,
    213,
+   85,
+   87,
+   93,
+   117,
-   37,
-   248,
-   226,
-   91,
-   120,
-   145,
-   61,
-   248,
    213,
+   85,
+   207,
+   178,
+   186,
+   4,
+   95,
+   124,
+   11,
+   47,
+   178,
+   7,
+   191,
+   58,
+   188,
+   247,
+   47,
+   240,
+   191,
+   16,
+   178,
-   225,
-   189,
-   127,
-   129,
-   255,
-   133,
-   144,
    109,
+   254,
+   5,
+   159,
-   243,
-   34,
-   250,
-   208,
-   143,
    248,
+   169,
+   159,
+   193,
+   35,
+   31,
+   254,
+   112,
+   254,
+   242,
+   175,
+   254,
+   154,
+   247,
+   127,
-   24,
-   222,
-   255,
-   125,
    223,
+   247,
+   230,
+   101,
+   95,
+   230,
+   165,
-   155,
-   151,
-   125,
-   153,
-   151,
-   2,
-   224,
-   219,
-   191,
-   243,
-   123,
    0,
    120,
+   242,
+   83,
+   158,
-   255,
-   247,
-   125,
-   47,
-   238,
-   247,
    202,
+   39,
+   126,
+   202,
+   167,
+   243,
+   83,
+   63,
+   246,
+   67,
+   0,
-   175,
-   241,
-   186,
    252,
+   238,
+   239,
-   250,
-   47,
    253,
+   1,
+   63,
+   255,
+   75,
+   191,
+   204,
+   151,
+   126,
+   225,
+   231,
+   241,
+   194,
+   188,
+   255,
+   7,
+   127,
+   56,
+   31,
+   243,
+   145,
+   31,
+   198,
-   28,
-   91,
-   91,
-   155,
-   220,
-   239,
-   175,
-   254,
-   250,
-   111,
-   248,
-   172,
-   207,
-   251,
-   66,
-   238,
-   55,
-   14,
-   35,
-   95,
-   254,
-   37,
-   95,
-   192,
    139,
    61,
    246,
    49,
    92,
...
    11,
+   60,
+   208,
+   221,
+   247,
+   220,
+   203,
+   47,
+   254,
+   210,
+   175,
+   240,
+   126,
+   239,
+   243,
+   158,
    252,
+   15,
+   134,
+   108,
+   155,
+   127,
+   193,
+   193,
+   193,
+   33,
+   91,
+   91,
+   155,
+   124,
+   232,
+   71,
+   124,
+   12,
+   239,
+   255,
+   190,
+   239,
+   205,
+   203,
+   190,
+   204,
+   75,
+   1,
+   240,
+   35,
+   63,
+   246,
+   19,
+   220,
+   117,
+   247,
+   61,
+   124,
+   204,
+   71,
+   126,
+   24,
+   0,
+   7,
+   7,
+   135,
+   188,
+   254,
+   155,
+   188,
+   5,
+   127,
+   252,
+   123,
+   191,
+   201,
+   11,
+   243,
+   254,
+   31,
+   252,
+   225,
+   124,
+   204,
+   71,
+   126,
+   24,
    47,
+   246,
+   216,
+   199,
+   112,
+   213,
+   85,
+   87,
+   93,
+   117,
+   213,
+   85,
+   207,
+   178,
+   186,
+   4,
+   95,
+   124,
+   11,
+   47,
+   178,
+   7,
+   191,
+   58,
+   188,
+   247,
+   47,
+   240,
+   64,
+   127,
+   249,
+   87,
+   127,
+   195,
+   135,
+   126,
+   228,
+   199,
+   240,
+   199,
+   191,
+   247,
+   155,
+   252,
+   15,
+   134,
-   132,
    108,
    155,
    23,
    209,
    135,
...
    126,
+   127,
+   245,
+   215,
+   127,
+   195,
+   103,
-   227,
-   56,
-   178,
-   187,
-   123,
-   137,
-   251,
    125,
+   222,
+   23,
+   114,
+   191,
+   113,
+   24,
+   249,
+   242,
+   47,
+   249,
+   2,
+   94,
+   236,
+   177,
+   143,
+   225,
+   170,
+   171,
+   174,
+   186,
+   234,
+   170,
+   171,
+   158,
+   101,
+   117,
+   9,
+   190,
+   248,
+   22,
+   94,
+   100,
+   15,
-   226,
-   167,
    126,
-   38,
-   31,
-   255,
-   49,
-   31,
-   193,
-   139,
-   61,
-   246,
-   49,
-   92,
    117,
+   120,
+   239,
+   95,
+   224,
+   129,
+   254,
+   242,
-   213,
-   85,
-   87,
-   93,
-   117,
-   213,
-   179,
-   172,
-   46,
-   193,
-   23,
-   223,
-   194,
-   139,
-   236,
-   193,
    175,
+   254,
+   134,
+   15,
+   253,
+   200,
+   143,
+   225,
+   143,
+   127,
-   14,
    239,
+   55,
+   249,
+   31,
+   12,
+   217,
+   54,
+   47,
+   162,
+   15,
    253,
+   136,
+   143,
+   225,
+   253,
-   11,
-   60,
-   183,
    223,
+   247,
-   253,
    189,
+   121,
+   217,
+   151,
+   121,
+   41,
+   0,
-   63,
-   224,
-   171,
    190,
+   253,
+   59,
+   191,
+   7,
+   128,
+   247,
+   127,
+   223,
+   247,
-   238,
-   27,
-   184,
-   251,
-   238,
-   123,
-   216,
-   222,
-   222,
    226,
-   167,
    126,
+   175,
+   252,
+   26,
+   175,
+   203,
+   175,
+   255,
+   210,
+   207,
+   177,
+   181,
+   181,
+   201,
+   253,
+   198,
+   113,
-   244,
-   135,
-   216,
-   218,
-   218,
-   228,
-   127,
-   16,
    100,
+   119,
+   247,
+   18,
+   247,
+   251,
+   196,
+   79,
+   253,
+   76,
-   219,
-   188,
-   136,
    62,
+   254,
+   99,
-   244,
-   35,
    62,
+   130,
+   23,
+   123,
+   236,
+   99,
+   184,
+   234,
+   170,
+   171,
+   174,
+   186,
+   234,
+   170,
+   103,
+   89,
+   93,
+   130,
+   47,
+   190,
+   133,
+   23,
+   217,
+   131,
-   134,
-   247,
-   127,
-   223,
-   247,
-   230,
-   101,
    95,
+   29,
+   222,
-   230,
-   165,
-   0,
-   248,
-   145,
-   31,
    251,
+   23,
+   120,
+   160,
+   191,
+   252,
+   171,
+   191,
+   225,
+   19,
+   63,
+   245,
+   211,
+   121,
+   243,
+   55,
+   125,
+   19,
+   126,
+   254,
+   23,
+   127,
    9,
+   73,
+   124,
-   158,
    244,
+   71,
+   124,
+   24,
-   228,
-   167,
-   240,
-   25,
-   159,
-   250,
-   73,
-   0,
-   28,
-   28,
-   28,
-   242,
-   250,
    111,
+   246,
+   38,
+   111,
+   196,
+   255,
+   32,
+   200,
+   182,
+   121,
+   17,
+   125,
+   232,
+   71,
+   124,
+   12,
-   242,
-   22,
-   252,
-   241,
    239,
+   255,
+   190,
+   239,
+   205,
+   203,
+   190,
-   253,
-   38,
-   47,
    204,
+   75,
+   1,
+   240,
+   35,
+   63,
+   246,
+   19,
+   60,
+   233,
+   201,
+   79,
+   225,
+   51,
+   62,
+   245,
+   147,
+   0,
+   56,
+   56,
+   56,
+   228,
+   245,
+   223,
+   228,
+   45,
+   248,
+   227,
+   223,
    251,
+   77,
+   94,
+   152,
+   247,
+   255,
+   224,
+   15,
+   231,
-   127,
-   240,
-   135,
-   243,
-   49,
-   31,
-   249,
-   97,
-   188,
-   216,
    99,
+   62,
+   242,
-   31,
    195,
+   120,
+   177,
+   199,
+   62,
+   134,
+   171,
+   174,
+   186,
+   234,
+   170,
+   171,
+   174,
+   122,
+   150,
-   85,
-   87,
-   93,
-   117,
    213,
+   37,
+   248,
+   226,
+   91,
+   120,
+   145,
-   85,
-   87,
    61,
+   248,
+   213,
+   225,
+   189,
+   127,
+   129,
+   7,
+   250,
    203,
+   191,
+   250,
+   27,
+   62,
+   244,
+   35,
+   63,
+   134,
+   143,
+   249,
-   234,
-   18,
-   124,
-   241,
-   45,
-   188,
    200,
+   15,
+   227,
+   157,
-   30,
-   252,
-   234,
-   240,
    222,
+   225,
+   237,
+   248,
+   203,
    191,
+   250,
+   27,
+   62,
+   241,
+   83,
+   63,
+   157,
+   47,
+   253,
+   194,
-   192,
-   3,
-   221,
-   125,
    207,
+   231,
+   101,
-   189,
-   188,
-   205,
-   59,
-   188,
-   11,
    95,
-   250,
-   133,
-   159,
-   199,
-   107,
-   190,
-   198,
-   171,
-   113,
-   112,
-   112,
-   200,
-   214,
-   214,
-   38,
-   255,
-   195,
-   32,
-   219,
    230,
+   165,
+   248,
-   69,
-   244,
-   161,
    31,
+   2,
+   217,
+   54,
-   241,
-   49,
-   188,
-   255,
-   251,
-   190,
-   55,
    47,
+   162,
+   15,
+   253,
+   136,
+   143,
+   225,
+   253,
+   223,
-   251,
-   50,
-   47,
-   5,
-   192,
-   221,
    247,
+   189,
+   121,
+   217,
+   151,
+   121,
+   41,
+   0,
+   238,
+   190,
+   231,
+   94,
+   62,
+   244,
+   35,
-   220,
-   203,
-   135,
-   126,
-   228,
-   199,
-   240,
-   83,
    63,
+   134,
+   159,
    250,
+   209,
+   31,
+   4,
+   224,
+   119,
+   127,
-   131,
-   0,
-   252,
-   238,
    239,
+   15,
+   248,
+   225,
+   31,
    253,
+   113,
+   190,
+   241,
+   235,
+   190,
+   138,
+   23,
+   230,
+   253,
-   1,
    63,
+   248,
+   195,
+   249,
+   152,
+   143,
    252,
+   48,
+   94,
+   236,
+   177,
+   143,
+   225,
+   170,
+   171,
+   174,
+   186,
+   234,
+   170,
+   171,
+   158,
+   101,
+   117,
+   9,
+   190,
+   248,
+   22,
+   94,
+   100,
+   15,
-   163,
-   63,
-   206,
-   55,
    126,
-   221,
-   87,
-   241,
-   194,
-   188,
-   255,
-   7,
-   127,
-   56,
-   31,
-   243,
-   145,
-   31,
-   198,
-   139,
-   61,
-   246,
-   49,
-   92,
    117,
+   120,
+   239,
+   95,
+   224,
+   129,
+   254,
+   242,
-   213,
-   85,
-   87,
-   93,
-   117,
-   213,
-   179,
-   172,
-   46,
-   193,
-   23,
-   223,
-   194,
-   139,
-   236,
-   193,
    175,
+   254,
+   134,
+   15,
-   14,
-   239,
    253,
+   200,
-   11,
-   60,
-   208,
    143,
+   225,
+   143,
+   127,
+   239,
+   55,
+   185,
+   223,
+   135,
+   126,
+   196,
+   199,
-   252,
-   216,
-   79,
    240,
+   178,
+   47,
    243,
+   210,
+   188,
-   191,
-   248,
-   203,
-   124,
-   223,
-   119,
-   125,
-   27,
    255,
+   251,
+   190,
+   23,
+   255,
+   67,
+   32,
-   131,
-   33,
    219,
    230,
    69,
    244,
    161,
...
    208,
+   95,
+   254,
+   213,
+   223,
-   183,
-   127,
-   231,
-   247,
    240,
+   161,
+   31,
+   249,
+   49,
+   252,
+   241,
+   239,
-   164,
-   167,
-   60,
-   133,
-   47,
    253,
+   38,
+   247,
+   251,
+   246,
+   239,
+   252,
+   30,
+   0,
+   222,
+   255,
+   125,
+   223,
+   139,
+   255,
+   33,
+   144,
+   109,
+   243,
+   34,
+   122,
+   242,
+   83,
+   158,
+   202,
+   245,
+   215,
+   93,
+   199,
+   214,
+   214,
+   38,
+   15,
+   244,
+   151,
-   194,
-   207,
-   227,
    127,
+   245,
+   55,
+   28,
+   28,
+   28,
+   240,
-   48,
-   100,
-   219,
-   188,
    136,
+   71,
-   158,
-   252,
-   148,
-   167,
-   114,
-   253,
-   117,
-   215,
-   177,
-   181,
-   181,
-   201,
-   3,
-   253,
-   229,
-   95,
-   253,
-   13,
-   7,
-   7,
-   7,
    60,
+   156,
-   226,
-   17,
-   15,
-   231,
-   250,
    235,
+   175,
+   187,
+   150,
+   127,
+   201,
+   251,
+   127,
+   240,
+   135,
+   243,
+   49,
-   174,
-   229,
-   95,
-   242,
-   254,
    31,
+   249,
+   97,
+   188,
-   252,
-   225,
-   124,
-   204,
-   71,
-   126,
-   24,
-   47,
-   246,
    216,
+   99,
+   31,
+   195,
-   199,
-   112,
-   213,
    85,
    87,
    93,
    117,
    213,
    85,
+   87,
+   61,
+   203,
+   234,
+   18,
-   207,
-   178,
-   186,
-   4,
-   95,
    124,
+   241,
+   45,
-   11,
-   47,
-   178,
-   7,
-   191,
-   58,
    188,
+   200,
+   30,
+   252,
+   234,
-   247,
-   47,
    240,
+   222,
-   64,
    191,
+   192,
+   3,
+   253,
+   229,
+   95,
+   253,
+   13,
-   240,
-   75,
-   191,
-   194,
-   143,
-   252,
-   216,
-   79,
-   240,
-   189,
-   223,
-   249,
-   173,
-   252,
-   15,
-   134,
-   108,
-   155,
-   255,
-   98,
-   239,
-   255,
-   193,
    31,
+   250,
+   145,
+   31,
-   206,
-   199,
-   124,
-   228,
-   135,
-   241,
-   98,
-   143,
-   125,
-   12,
-   87,
-   93,
-   117,
-   213,
-   85,
-   87,
-   93,
-   245,
-   44,
    195,
+   175,
-   33,
-   252,
-   224,
-   59,
-   242,
-   34,
-   187,
-   238,
-   37,
-   224,
-   141,
-   191,
-   152,
-   7,
-   58,
-   56,
-   56,
-   228,
-   67,
-   62,
-   226,
-   163,
-   121,
-   212,
-   35,
-   31,
-   193,
-   155,
-   189,
-   201,
-   27,
-   241,
-   164,
-   167,
-   60,
-   149,
-   119,
-   122,
-   251,
-   183,
-   229,
-   127,
-   24,
-   100,
-   219,
-   252,
-   23,
-   123,
    255,
+   210,
+   207,
+   177,
+   181,
+   181,
+   9,
+   192,
+   39,
+   126,
-   15,
-   254,
-   112,
-   62,
-   230,
-   35,
-   63,
-   140,
-   23,
-   123,
-   236,
-   99,
-   184,
    234,
+   103,
+   240,
+   114,
-   170,
-   171,
-   174,
-   186,
-   234,
-   170,
-   255,
-   104,
-   7,
-   7,
-   135,
-   252,
-   194,
    47,
+   243,
+   210,
-   253,
-   50,
-   251,
-   251,
-   7,
-   0,
    188,
+   211,
+   59,
+   188,
+   29,
    255,
+   67,
-   251,
-   190,
-   23,
-   255,
-   195,
    32,
    219,
    230,
    191,
    216,
...
    87,
+   61,
+   203,
+   112,
+   8,
+   63,
+   248,
+   142,
+   188,
+   200,
+   174,
+   123,
+   9,
+   120,
+   227,
+   47,
+   230,
+   129,
+   254,
+   242,
+   175,
+   254,
+   134,
+   79,
+   252,
+   212,
+   79,
+   231,
+   229,
+   94,
+   246,
+   101,
+   120,
+   231,
+   119,
+   120,
+   59,
+   158,
+   244,
+   148,
+   167,
+   242,
+   109,
+   223,
+   241,
+   93,
+   252,
+   244,
+   143,
    253,
+   48,
+   91,
+   91,
+   155,
+   252,
+   15,
+   129,
-   63,
-   132,
    108,
    155,
    255,
    98,
    239,
...
    245,
+   31,
+   233,
+   238,
+   123,
+   238,
+   229,
+   47,
    255,
+   234,
+   175,
+   185,
-   16,
-   178,
-   109,
    254,
+   186,
+   235,
+   248,
+   157,
-   139,
-   189,
-   255,
-   7,
-   127,
-   56,
-   31,
-   243,
-   145,
-   31,
-   198,
-   139,
-   61,
-   246,
-   49,
-   92,
-   245,
-   95,
-   224,
-   187,
    223,
+   251,
+   125,
+   182,
+   183,
+   182,
+   120,
+   179,
+   55,
+   125,
+   99,
-   156,
-   23,
-   234,
-   189,
-   127,
-   158,
-   171,
    174,
+   191,
-   250,
-   63,
-   231,
-   151,
-   63,
-   25,
    238,
+   90,
-   249,
-   123,
-   94,
-   160,
-   55,
    254,
+   7,
+   65,
-   34,
-   184,
-   238,
-   37,
-   184,
-   234,
-   170,
-   255,
-   38,
-   200,
    182,
+   205,
-   249,
-   47,
-   246,
-   254,
-   31,
-   252,
-   225,
-   124,
-   204,
-   71,
-   126,
-   24,
-   47,
-   246,
-   216,
-   199,
-   112,
-   213,
    127,
+   177,
+   247,
+   255,
+   224,
+   15,
+   231,
+   99,
-   129,
-   207,
    62,
+   242,
+   195,
+   120,
+   177,
+   199,
+   62,
+   134,
+   171,
+   174,
+   186,
-   198,
-   11,
-   245,
-   217,
-   151,
-   184,
    234,
    170,
+   171,
+   174,
+   250,
+   127,
+   8,
-   255,
-   115,
-   190,
-   251,
-   205,
-   224,
-   214,
-   223,
-   231,
-   5,
-   122,
-   239,
-   95,
-   128,
-   7,
-   191,
-   58,
-   87,
-   93,
-   245,
-   223,
-   4,
    217,
    54,
    255,
    197,
    222,
...
    174,
+   186,
+   234,
+   170,
+   171,
+   174,
+   186,
+   234,
+   255,
+   33,
+   100,
+   219,
+   252,
+   23,
+   123,
+   255,
+   15,
+   254,
+   112,
-   250,
-   47,
-   240,
-   217,
-   199,
-   120,
-   161,
    62,
+   230,
+   35,
+   63,
+   140,
+   23,
+   123,
+   236,
+   99,
+   184,
+   234,
+   63,
+   223,
    251,
+   254,
+   202,
+   251,
+   242,
+   194,
+   124,
+   231,
+   27,
+   125,
+   39,
-   18,
    87,
    93,
    245,
    127,
+   205,
+   151,
+   252,
+   233,
+   151,
-   206,
-   119,
-   191,
-   25,
-   220,
-   250,
-   251,
-   188,
-   64,
-   239,
-   253,
-   11,
    240,
+   196,
+   139,
+   79,
+   228,
-   224,
-   87,
-   231,
-   170,
-   171,
-   254,
-   155,
-   32,
-   219,
-   230,
-   191,
-   216,
-   251,
-   127,
-   240,
-   135,
-   243,
-   49,
-   31,
-   249,
-   97,
-   188,
-   216,
-   99,
-   31,
-   195,
-   85,
-   255,
    5,
-   62,
-   251,
-   24,
-   47,
-   212,
-   103,
-   95,
-   226,
-   170,
-   171,
-   254,
-   207,
    249,
+   164,
+   87,
+   248,
+   36,
-   238,
-   55,
-   131,
-   91,
-   127,
-   159,
-   23,
-   232,
-   189,
-   127,
-   1,
    30,
+   117,
+   242,
+   81,
-   252,
-   234,
    92,
    117,
    213,
    127,
    19,
...
    234,
+   63,
+   223,
-   191,
-   192,
-   103,
-   31,
-   227,
-   133,
-   250,
-   236,
    75,
+   124,
+   207,
+   75,
+   240,
+   194,
+   252,
+   221,
+   123,
-   92,
-   117,
-   213,
-   255,
-   57,
-   223,
    253,
+   29,
+   87,
+   93,
+   245,
+   127,
+   205,
+   251,
+   252,
+   242,
+   251,
+   240,
+   231,
-   102,
-   112,
-   235,
-   239,
-   243,
-   2,
-   189,
    247,
+   254,
+   57,
    47,
+   200,
+   119,
+   190,
+   209,
+   119,
+   242,
+   10,
+   215,
+   189,
+   2,
+   87,
+   93,
+   245,
+   223,
+   4,
+   217,
+   54,
+   255,
+   197,
+   222,
+   255,
-   192,
    131,
+   63,
+   156,
+   143,
+   249,
+   200,
+   15,
+   227,
+   197,
+   30,
+   251,
+   24,
-   95,
-   157,
-   171,
    174,
    250,
+   207,
+   247,
+   18,
+   223,
+   243,
+   18,
+   188,
+   48,
+   127,
+   247,
+   94,
+   127,
-   111,
-   130,
-   108,
-   155,
-   255,
-   98,
-   239,
-   255,
-   193,
-   31,
-   206,
    199,
+   85,
-   124,
-   228,
-   135,
-   241,
-   98,
-   143,
-   125,
-   12,
    87,
    253,
+   95,
+   243,
+   62,
+   191,
+   252,
+   62,
+   252,
+   249,
+   189,
+   127,
+   206,
+   11,
+   242,
+   157,
+   111,
+   244,
+   157,
-   23,
-   248,
-   236,
-   99,
    188,
+   194,
+   117,
+   175,
+   192,
+   85,
+   87,
-   80,
-   159,
-   125,
-   137,
-   171,
-   174,
-   250,
-   63,
-   231,
-   187,
-   223,
-   12,
-   110,
    253,
+   55,
+   65,
+   182,
+   205,
+   127,
+   177,
-   125,
-   94,
-   160,
    247,
+   255,
+   224,
+   15,
+   231,
+   99,
+   62,
+   242,
+   195,
-   254,
-   5,
    120,
+   177,
+   199,
+   62,
+   134,
-   240,
    171,
+   254,
+   243,
+   189,
+   196,
+   247,
+   188,
+   4,
+   47,
+   204,
+   223,
+   189,
+   215,
+   223,
+   113,
-   115,
    213,
+   85,
    255,
+   215,
+   188,
+   207,
+   47,
+   191,
+   15,
+   127,
+   126,
+   239,
+   159,
+   243,
+   130,
+   124,
+   231,
+   27,
+   125,
+   39,
-   44,
-   251,
-   195,
-   62,
    175,
+   112,
+   221,
+   43,
+   112,
+   213,
+   85,
-   250,
-   67,
-   175,
-   202,
-   139,
-   234,
-   229,
-   175,
-   125,
-   121,
-   190,
-   235,
-   141,
-   191,
-   139,
    255,
+   77,
-   133,
    144,
    109,
    243,
    95,
    236,
...
    255,
+   124,
+   47,
+   241,
+   61,
+   47,
+   193,
+   11,
+   243,
+   119,
+   239,
+   245,
+   119,
+   92,
+   117,
+   213,
+   255,
+   53,
+   239,
+   243,
+   203,
+   239,
+   195,
-   2,
    159,
+   223,
+   251,
+   231,
+   188,
+   32,
+   223,
+   249,
+   70,
+   223,
+   201,
+   43,
+   92,
+   247,
+   10,
+   92,
+   117,
+   213,
+   127,
+   19,
+   100,
+   219,
+   252,
+   23,
+   123,
+   255,
+   15,
+   254,
+   112,
+   62,
+   230,
+   35,
+   63,
-   125,
    140,
    23,
+   123,
+   236,
+   99,
+   184,
    234,
+   63,
+   223,
+   75,
+   124,
+   207,
+   75,
+   240,
+   194,
+   252,
+   221,
+   123,
+   253,
+   29,
+   87,
+   93,
+   245,
+   127,
+   205,
+   251,
+   252,
+   242,
+   251,
+   240,
-   179,
-   47,
-   113,
-   213,
-   85,
-   255,
    231,
-   124,
    247,
+   254,
+   57,
+   47,
+   200,
+   119,
+   190,
+   209,
+   119,
+   242,
+   10,
+   215,
+   189,
+   2,
+   87,
+   253,
-   155,
-   193,
-   173,
-   191,
    207,
+   178,
+   63,
+   236,
+   243,
+   170,
+   63,
-   11,
    244,
+   170,
+   188,
+   168,
+   94,
+   254,
+   218,
+   151,
+   231,
+   187,
    222,
+   248,
+   187,
+   248,
+   95,
+   8,
+   217,
+   54,
+   255,
+   197,
+   222,
+   255,
+   131,
+   63,
+   156,
+   143,
+   249,
+   200,
-   191,
-   0,
    15,
+   227,
+   197,
+   30,
+   251,
+   24,
-   126,
-   117,
    174,
    250,
+   207,
+   247,
+   18,
+   223,
+   243,
+   18,
+   188,
+   48,
-   159,
-   101,
    127,
+   247,
+   94,
-   216,
-   231,
-   85,
    127,
+   199,
-   232,
    85,
+   87,
+   253,
+   95,
+   243,
+   62,
+   191,
-   121,
-   81,
-   189,
    252,
+   62,
+   252,
+   249,
-   181,
-   47,
-   207,
-   119,
    189,
-   241,
-   119,
-   241,
-   191,
-   16,
-   178,
-   109,
-   254,
-   139,
-   189,
-   255,
-   7,
    127,
+   206,
+   11,
+   242,
+   157,
+   111,
+   244,
+   157,
+   188,
+   194,
+   117,
-   56,
-   31,
-   243,
-   145,
-   31,
-   198,
-   139,
-   61,
-   246,
-   49,
-   92,
-   245,
-   95,
-   224,
-   179,
-   143,
-   241,
-   66,
-   125,
-   246,
-   37,
-   174,
-   186,
-   234,
-   255,
-   156,
-   239,
-   126,
-   51,
-   184,
-   245,
-   247,
-   121,
-   129,
-   222,
-   251,
-   23,
-   224,
-   193,
    175,
+   192,
-   206,
    85,
    255,
    179,
    236,
    15,
...
    254,
+   243,
+   189,
-   11,
-   124,
-   246,
-   49,
-   94,
-   168,
-   207,
-   190,
    196,
+   247,
+   188,
+   4,
+   47,
+   204,
+   223,
+   189,
+   215,
+   223,
+   113,
+   213,
    85,
+   255,
+   215,
+   188,
+   207,
+   47,
+   191,
+   15,
+   127,
+   126,
+   239,
-   87,
-   253,
    159,
    243,
+   130,
+   124,
+   231,
+   27,
+   125,
+   39,
+   175,
+   112,
    221,
+   43,
+   112,
+   213,
+   255,
+   44,
+   251,
+   195,
-   111,
-   6,
-   183,
-   254,
    62,
+   175,
+   250,
+   67,
+   175,
+   202,
+   139,
-   47,
-   208,
-   123,
-   255,
-   2,
-   60,
-   248,
-   213,
-   185,
    234,
-   127,
-   150,
-   253,
-   97,
-   159,
-   87,
-   253,
-   161,
-   87,
    229,
+   175,
+   125,
+   121,
-   69,
-   245,
-   242,
-   215,
    190,
+   235,
+   141,
+   191,
+   139,
-   60,
-   223,
-   245,
-   198,
-   223,
-   197,
    255,
+   133,
+   144,
+   109,
+   243,
+   95,
+   236,
+   253,
+   63,
+   248,
+   195,
-   66,
-   200,
-   182,
    249,
+   152,
+   143,
-   47,
-   246,
-   254,
-   31,
    252,
+   48,
+   94,
+   236,
+   177,
+   143,
    225,
+   170,
+   255,
    124,
-   204,
-   71,
-   126,
-   24,
    47,
+   241,
+   61,
+   47,
+   193,
-   246,
-   216,
-   199,
-   112,
-   213,
-   127,
-   129,
-   207,
-   62,
-   198,
    11,
+   243,
+   119,
+   239,
    245,
+   119,
-   217,
-   151,
-   248,
-   31,
-   107,
-   247,
-   54,
-   184,
-   116,
-   59,
-   47,
-   208,
-   177,
-   155,
-   225,
-   248,
-   45,
    92,
    117,
    213,
+   255,
+   53,
+   239,
    243,
+   203,
+   239,
+   195,
-   248,
-   238,
-   55,
-   131,
-   91,
-   127,
    159,
+   223,
+   251,
+   231,
+   188,
+   32,
+   223,
+   249,
+   70,
+   223,
+   201,
+   43,
-   23,
-   232,
-   189,
-   127,
-   1,
-   30,
-   252,
-   234,
    92,
+   247,
+   10,
+   92,
    245,
    63,
    203,
    254,
    176,
...
    234,
+   63,
+   223,
-   191,
-   192,
-   103,
-   31,
-   227,
-   133,
-   250,
-   236,
    75,
+   124,
+   207,
+   75,
+   240,
+   194,
    252,
+   221,
+   123,
-   143,
-   245,
-   219,
-   95,
-   4,
-   191,
    253,
+   29,
+   255,
+   83,
+   221,
+   117,
+   112,
+   23,
+   119,
+   29,
+   222,
    197,
+   11,
+   114,
+   195,
+   230,
+   13,
+   220,
+   176,
+   117,
+   3,
-   188,
-   64,
-   175,
-   253,
-   201,
-   240,
-   218,
-   159,
-   194,
-   85,
    87,
+   93,
-   61,
-   143,
-   239,
-   126,
-   51,
-   184,
    245,
+   220,
+   222,
+   231,
+   151,
+   223,
+   135,
+   63,
+   191,
    247,
+   207,
    121,
+   65,
+   190,
+   243,
+   141,
+   190,
+   147,
+   87,
+   184,
+   238,
+   21,
+   184,
-   129,
-   222,
-   251,
-   23,
-   224,
-   193,
-   175,
-   206,
-   85,
-   255,
-   179,
-   236,
-   15,
-   251,
-   188,
    234,
+   127,
+   150,
+   253,
+   97,
+   159,
+   87,
+   253,
+   161,
+   87,
-   15,
-   189,
-   42,
-   47,
-   170,
-   151,
-   191,
-   246,
    229,
+   69,
+   245,
+   242,
+   215,
+   190,
+   60,
+   223,
+   245,
+   198,
+   223,
+   197,
+   255,
-   249,
-   174,
-   55,
-   254,
-   46,
-   254,
-   23,
    66,
+   200,
    182,
+   249,
+   47,
+   246,
-   205,
-   127,
-   177,
-   247,
-   255,
-   224,
-   15,
-   231,
-   99,
-   62,
-   242,
-   195,
-   120,
-   177,
-   199,
-   62,
-   134,
-   171,
    254,
+   31,
+   252,
+   225,
-   11,
    124,
+   204,
+   71,
+   126,
+   24,
+   47,
    246,
+   216,
+   199,
+   112,
+   213,
+   127,
-   49,
-   94,
-   168,
-   207,
    190,
+   151,
+   248,
+   158,
+   151,
+   224,
+   133,
+   249,
+   187,
+   247,
+   250,
+   59,
+   254,
+   167,
+   250,
+   198,
-   196,
-   255,
-   88,
    191,
+   254,
+   70,
+   190,
+   233,
+   111,
+   190,
+   137,
-   253,
-   69,
-   240,
-   219,
-   95,
-   204,
-   11,
-   244,
-   218,
-   159,
-   12,
-   175,
-   253,
-   41,
-   92,
-   117,
-   213,
-   243,
-   248,
-   238,
-   55,
-   131,
-   91,
-   127,
-   159,
    23,
+   228,
+   67,
+   94,
-   232,
-   189,
-   127,
-   1,
-   30,
-   252,
    234,
+   67,
+   248,
+   208,
+   151,
-   92,
-   245,
-   63,
-   203,
    254,
+   80,
+   174,
+   186,
+   234,
+   185,
+   189,
-   176,
    207,
+   47,
+   191,
+   15,
+   127,
+   126,
-   171,
-   254,
-   208,
-   171,
-   242,
-   162,
-   122,
-   249,
-   107,
-   95,
-   158,
    239,
+   159,
+   243,
+   130,
+   124,
+   231,
+   27,
+   125,
+   39,
+   175,
+   112,
+   221,
+   43,
+   112,
+   213,
-   122,
-   227,
-   239,
-   226,
-   185,
-   253,
-   238,
-   239,
    255,
+   44,
-   33,
-   191,
    251,
+   195,
+   62,
+   175,
+   250,
+   67,
+   175,
+   202,
+   139,
+   234,
+   229,
+   175,
+   125,
+   121,
+   190,
+   235,
+   141,
-   123,
    191,
-   207,
-   254,
-   193,
-   1,
-   47,
-   251,
-   50,
-   47,
-   205,
-   59,
-   189,
-   253,
-   219,
-   242,
-   63,
-   12,
-   178,
-   109,
-   254,
    139,
-   189,
    255,
+   133,
+   144,
+   109,
-   7,
-   127,
-   56,
-   31,
    243,
-   145,
-   31,
-   198,
-   139,
-   61,
-   246,
-   49,
-   92,
-   245,
    95,
+   236,
+   253,
+   63,
+   248,
+   195,
+   249,
+   152,
-   224,
-   179,
    143,
+   252,
+   48,
-   241,
-   66,
-   125,
-   246,
-   37,
-   254,
-   199,
-   250,
-   237,
-   47,
-   130,
-   223,
-   254,
-   98,
    94,
+   236,
+   177,
+   143,
-   160,
-   215,
-   254,
-   100,
-   120,
-   237,
-   79,
    225,
    170,
+   255,
+   124,
+   47,
+   241,
+   61,
+   47,
+   193,
+   11,
+   243,
-   171,
-   158,
-   199,
    119,
-   191,
-   25,
-   220,
-   250,
-   251,
-   188,
-   64,
    239,
+   245,
+   119,
+   252,
+   79,
+   245,
+   141,
+   127,
    253,
+   141,
+   124,
+   211,
+   223,
+   124,
+   19,
+   47,
+   200,
+   135,
+   188,
+   212,
+   135,
-   11,
    240,
+   161,
+   47,
+   253,
+   161,
+   92,
+   117,
+   213,
+   115,
+   123,
+   159,
+   95,
+   126,
+   31,
+   254,
+   252,
+   222,
+   63,
+   231,
+   5,
+   249,
+   206,
+   55,
+   250,
+   78,
+   94,
+   225,
+   186,
+   87,
    224,
-   87,
-   231,
    170,
    255,
    89,
    246,
    135,
...
    237,
+   224,
+   224,
+   144,
+   111,
+   255,
+   174,
+   239,
+   225,
+   201,
+   79,
-   23,
    126,
+   10,
+   143,
+   120,
+   196,
+   195,
-   233,
-   87,
-   216,
-   222,
-   218,
-   98,
-   107,
-   107,
-   139,
-   175,
-   250,
-   218,
-   175,
-   231,
-   205,
-   223,
-   244,
-   141,
    121,
    167,
    119,
    120,
    59,
+   174,
+   191,
+   238,
+   90,
    254,
    7,
    65,
    182,
    205,
...
    254,
+   243,
+   189,
-   11,
-   124,
-   246,
-   49,
-   94,
-   168,
-   207,
-   190,
    196,
+   247,
+   188,
+   4,
+   47,
-   255,
-   88,
-   191,
-   253,
-   69,
-   240,
-   219,
-   95,
    204,
+   223,
+   189,
+   215,
+   223,
+   241,
+   63,
+   213,
+   55,
+   254,
+   245,
+   55,
+   242,
+   77,
+   127,
+   243,
+   77,
+   188,
+   32,
+   31,
+   242,
+   82,
+   31,
+   194,
+   135,
+   190,
-   11,
    244,
+   135,
+   114,
-   218,
-   159,
-   12,
-   175,
-   253,
-   41,
-   92,
-   117,
    213,
+   85,
+   207,
+   237,
+   125,
+   126,
+   249,
+   125,
+   248,
    243,
+   123,
+   255,
+   156,
-   248,
-   238,
-   55,
-   131,
-   91,
-   127,
-   159,
    23,
+   228,
+   59,
+   223,
    232,
+   59,
+   121,
+   133,
+   235,
+   94,
+   129,
+   171,
+   254,
+   103,
+   217,
+   31,
+   246,
+   121,
+   213,
+   31,
+   122,
+   85,
+   94,
+   84,
+   47,
-   189,
    127,
+   237,
+   203,
+   243,
+   93,
+   111,
-   1,
-   30,
    252,
+   93,
+   60,
+   208,
+   193,
+   193,
+   33,
+   239,
+   241,
+   190,
+   31,
+   192,
+   203,
+   190,
+   244,
+   75,
+   241,
+   90,
+   175,
+   241,
    234,
+   236,
+   31,
+   28,
+   240,
+   102,
+   111,
-   92,
-   245,
-   63,
-   203,
-   254,
-   176,
-   207,
-   171,
-   254,
-   208,
-   171,
    242,
+   70,
+   252,
+   15,
+   131,
+   108,
+   155,
+   255,
+   98,
-   162,
-   122,
-   249,
-   107,
-   95,
-   158,
    239,
+   255,
+   193,
+   31,
+   206,
+   199,
+   124,
+   228,
+   135,
+   241,
+   98,
+   143,
+   125,
+   12,
+   87,
+   253,
+   231,
+   123,
+   137,
+   239,
+   121,
+   9,
+   94,
+   152,
+   191,
+   123,
+   175,
+   191,
-   122,
    227,
+   127,
+   170,
+   111,
-   239,
-   226,
-   133,
-   249,
-   246,
-   239,
    252,
+   235,
+   111,
+   228,
+   155,
+   254,
+   230,
+   155,
+   120,
+   65,
+   62,
+   228,
+   165,
+   62,
+   132,
+   15,
-   30,
-   0,
-   222,
-   255,
    125,
+   233,
+   15,
+   229,
+   170,
+   171,
+   158,
+   219,
+   251,
+   252,
+   242,
+   251,
+   240,
+   231,
+   247,
+   254,
+   57,
+   47,
+   200,
+   119,
+   190,
+   209,
+   119,
+   242,
+   10,
+   215,
+   189,
+   2,
+   87,
-   223,
-   139,
-   255,
-   65,
-   144,
-   109,
-   243,
-   95,
-   236,
    253,
+   207,
+   178,
    63,
+   236,
+   243,
+   170,
+   63,
+   244,
+   170,
+   188,
+   168,
+   94,
+   254,
+   218,
+   151,
+   231,
+   187,
+   222,
    248,
+   187,
+   120,
+   160,
+   95,
+   248,
+   165,
+   95,
+   225,
+   219,
+   191,
+   243,
+   187,
-   195,
    249,
+   169,
+   31,
+   251,
+   33,
+   254,
+   7,
+   67,
+   182,
+   205,
+   127,
-   152,
-   143,
-   252,
-   48,
-   94,
-   236,
    177,
+   247,
-   143,
-   225,
-   170,
    255,
+   224,
+   15,
+   231,
+   99,
+   62,
+   242,
+   195,
+   120,
+   177,
+   199,
+   62,
+   134,
+   171,
+   254,
+   243,
+   189,
+   196,
+   247,
+   188,
+   4,
-   2,
-   159,
-   125,
-   140,
-   23,
-   234,
-   179,
    47,
+   204,
+   223,
+   189,
+   215,
+   223,
    241,
    63,
+   213,
+   55,
+   254,
+   245,
+   55,
+   242,
+   77,
-   214,
-   111,
    127,
+   243,
+   77,
+   188,
+   32,
+   31,
+   242,
+   82,
+   31,
+   194,
+   135,
+   190,
+   244,
+   135,
+   114,
+   213,
+   85,
+   207,
+   237,
+   125,
+   126,
+   249,
+   125,
+   248,
+   243,
+   123,
+   255,
+   156,
-   17,
-   252,
-   246,
    23,
+   228,
+   59,
+   223,
+   232,
+   59,
+   121,
+   133,
+   235,
+   94,
+   129,
+   171,
+   254,
+   103,
+   217,
+   31,
-   243,
-   2,
-   189,
    246,
+   121,
+   213,
+   31,
+   122,
+   85,
+   94,
+   84,
+   47,
-   39,
-   195,
-   107,
    127,
+   237,
+   203,
+   243,
-   10,
-   87,
    93,
+   111,
+   252,
+   93,
-   245,
    60,
+   208,
+   183,
+   127,
-   190,
-   251,
-   205,
-   224,
-   214,
-   223,
    231,
+   247,
+   112,
+   247,
+   61,
+   247,
+   240,
+   25,
+   159,
+   250,
+   73,
+   252,
+   15,
+   134,
+   108,
+   155,
+   255,
+   98,
-   5,
-   122,
    239,
+   255,
+   193,
+   31,
+   206,
+   199,
+   124,
+   228,
+   135,
+   241,
+   98,
+   143,
+   125,
+   12,
+   87,
+   253,
+   231,
+   123,
+   137,
+   239,
+   121,
+   9,
+   94,
+   152,
-   95,
-   128,
-   7,
    191,
+   123,
+   175,
+   191,
+   227,
+   127,
+   170,
+   111,
+   252,
+   235,
+   111,
+   228,
+   155,
+   254,
+   230,
+   155,
+   120,
+   65,
+   62,
+   228,
+   165,
+   62,
+   132,
+   15,
+   125,
+   233,
+   15,
+   229,
+   170,
+   171,
+   158,
+   219,
+   251,
+   252,
+   242,
+   251,
+   240,
+   231,
+   247,
+   254,
+   57,
+   47,
+   200,
+   119,
+   190,
+   209,
+   119,
+   242,
+   10,
+   215,
+   189,
+   2,
-   58,
    87,
    253,
    207,
    178,
    63,
...
    120,
+   160,
+   31,
+   249,
+   177,
+   159,
+   224,
+   119,
+   126,
+   247,
+   247,
+   249,
+   198,
+   175,
+   251,
+   42,
+   254,
+   7,
+   67,
+   182,
+   205,
+   127,
+   177,
+   247,
+   255,
+   224,
+   15,
+   231,
+   99,
+   62,
+   242,
+   195,
+   120,
+   177,
+   199,
+   62,
+   134,
+   171,
+   254,
+   243,
+   189,
+   196,
+   247,
+   188,
+   4,
+   47,
+   204,
-   110,
-   95,
-   253,
-   117,
    223,
+   189,
+   215,
+   223,
+   241,
+   63,
+   213,
+   55,
+   254,
+   245,
+   55,
+   242,
-   200,
-   147,
-   158,
-   244,
-   100,
-   0,
-   238,
-   190,
-   231,
-   30,
-   222,
-   236,
    77,
-   222,
-   152,
-   247,
    127,
+   243,
+   77,
+   188,
+   32,
+   31,
+   242,
+   82,
+   31,
+   194,
+   135,
+   190,
+   244,
+   135,
+   114,
+   213,
+   85,
+   207,
+   237,
+   125,
+   126,
+   249,
+   125,
+   248,
+   243,
+   123,
+   255,
+   156,
+   23,
+   228,
+   59,
    223,
+   232,
+   59,
+   121,
+   133,
+   235,
+   94,
+   129,
+   171,
+   254,
+   103,
+   217,
+   31,
+   246,
+   121,
+   213,
+   31,
+   122,
+   85,
+   94,
+   84,
+   47,
+   127,
+   237,
+   203,
+   243,
+   93,
+   111,
+   252,
+   93,
+   60,
+   208,
+   221,
    247,
+   220,
+   203,
+   219,
+   188,
+   195,
+   187,
+   240,
+   125,
+   223,
+   245,
+   109,
+   60,
    226,
+   225,
+   15,
+   227,
+   238,
+   123,
+   238,
+   229,
+   250,
+   235,
+   174,
+   229,
    127,
+   24,
-   16,
    100,
    219,
    252,
    23,
    123,
...
    234,
+   63,
+   223,
+   75,
+   124,
+   207,
+   75,
+   240,
+   194,
+   252,
+   221,
+   123,
+   253,
+   29,
+   255,
+   83,
+   125,
+   227,
+   95,
+   127,
+   35,
+   223,
+   244,
+   55,
+   223,
+   196,
+   11,
+   242,
+   33,
+   47,
+   245,
+   33,
+   124,
+   232,
+   75,
+   127,
+   40,
+   87,
+   93,
+   245,
+   220,
+   222,
+   231,
+   151,
+   223,
+   135,
+   63,
    191,
+   247,
+   207,
+   121,
+   65,
+   190,
+   243,
+   141,
+   190,
+   147,
+   87,
+   184,
+   238,
+   21,
+   184,
+   234,
+   255,
+   166,
+   223,
+   253,
+   189,
+   63,
+   224,
+   171,
+   190,
+   246,
+   235,
+   185,
+   251,
+   158,
+   123,
+   185,
+   254,
+   186,
+   107,
+   249,
+   169,
-   192,
-   103,
    31,
+   251,
+   33,
+   254,
+   135,
+   65,
+   182,
+   205,
+   127,
+   177,
+   247,
+   255,
+   224,
+   15,
+   231,
+   99,
+   62,
+   242,
+   195,
+   120,
+   177,
+   199,
+   62,
+   134,
+   171,
+   254,
+   243,
+   189,
+   196,
+   247,
+   188,
+   4,
+   47,
+   204,
+   223,
+   189,
+   215,
+   223,
+   241,
+   63,
+   213,
+   55,
+   254,
+   245,
+   55,
+   242,
+   77,
+   127,
+   243,
+   77,
+   188,
+   32,
+   31,
+   242,
+   82,
+   31,
+   194,
+   135,
+   190,
+   244,
+   135,
+   114,
+   213,
+   85,
+   207,
+   237,
+   125,
+   126,
+   249,
+   125,
+   248,
+   243,
+   123,
+   255,
+   156,
+   23,
+   228,
+   59,
+   223,
+   232,
+   59,
+   121,
-   227,
    133,
+   235,
+   94,
+   129,
+   171,
+   174,
    250,
+   111,
+   130,
+   108,
+   155,
+   255,
+   98,
+   239,
+   255,
+   193,
+   31,
+   206,
+   199,
+   124,
+   228,
+   135,
+   241,
+   98,
+   143,
+   125,
+   12,
+   87,
+   253,
+   231,
+   123,
+   137,
+   239,
+   121,
+   9,
+   94,
+   152,
+   191,
+   123,
+   175,
+   191,
+   227,
+   127,
+   170,
+   63,
+   251,
+   235,
+   239,
+   228,
+   207,
+   158,
+   241,
+   235,
+   188,
+   32,
+   175,
+   240,
+   160,
+   215,
+   231,
+   21,
+   94,
+   250,
+   125,
+   249,
+   159,
+   234,
+   155,
+   254,
+   230,
+   155,
+   120,
+   97,
+   62,
+   228,
+   165,
+   62,
+   132,
+   171,
+   254,
+   115,
+   188,
+   207,
+   47,
+   191,
+   15,
+   127,
+   126,
+   239,
+   159,
+   243,
+   130,
+   124,
+   231,
+   27,
+   125,
+   39,
+   175,
+   112,
+   221,
+   43,
+   112,
+   213,
+   85,
+   255,
+   77,
+   144,
+   109,
+   243,
+   95,
    236,
+   253,
+   63,
+   248,
+   195,
+   249,
+   152,
+   143,
-   75,
    252,
+   48,
+   94,
+   236,
+   177,
    143,
+   225,
+   170,
+   255,
+   124,
+   47,
+   241,
+   61,
+   47,
+   193,
+   11,
+   243,
+   119,
+   239,
    245,
+   119,
+   252,
+   143,
+   245,
    219,
    95,
    4,
    191,
    253,
...
    194,
+   255,
+   84,
+   47,
+   241,
-   85,
-   87,
    61,
+   47,
+   193,
+   11,
+   243,
+   119,
-   143,
    239,
+   245,
+   119,
+   92,
+   245,
+   159,
+   227,
+   125,
    126,
+   249,
+   125,
+   248,
+   243,
+   123,
+   255,
+   156,
+   23,
+   228,
+   59,
+   223,
+   232,
+   59,
-   51,
-   184,
-   245,
-   247,
    121,
+   133,
+   235,
+   94,
    129,
+   171,
+   174,
+   250,
+   111,
+   130,
+   108,
+   155,
+   255,
+   98,
+   239,
+   255,
-   222,
-   251,
-   23,
-   224,
    193,
+   31,
-   175,
    206,
+   199,
+   124,
+   228,
+   135,
+   241,
+   98,
+   143,
+   125,
+   12,
+   87,
+   253,
+   231,
+   123,
+   137,
+   239,
+   121,
+   9,
+   94,
+   152,
-   85,
-   255,
-   179,
-   236,
-   15,
-   251,
-   188,
-   234,
-   15,
-   189,
-   42,
-   47,
-   170,
-   151,
    191,
+   123,
+   175,
+   191,
+   227,
+   127,
+   172,
+   223,
-   246,
-   229,
-   249,
-   174,
-   55,
    254,
+   34,
-   46,
-   30,
-   232,
-   71,
-   126,
-   236,
-   39,
    248,
+   237,
+   47,
+   230,
+   5,
+   122,
+   237,
+   79,
+   134,
+   215,
+   254,
+   20,
+   254,
+   167,
+   122,
+   137,
+   239,
+   121,
+   9,
+   94,
+   152,
-   139,
    191,
+   123,
+   175,
+   191,
+   227,
+   170,
-   250,
-   107,
-   190,
-   244,
-   11,
-   63,
-   15,
-   128,
-   111,
    255,
+   28,
-   206,
    239,
+   243,
+   203,
+   239,
+   195,
+   159,
-   1,
-   224,
-   253,
    223,
+   251,
+   231,
+   188,
+   32,
+   223,
+   249,
+   70,
+   223,
+   201,
+   43,
+   92,
    247,
+   10,
+   92,
+   117,
+   213,
+   127,
+   19,
+   100,
+   219,
+   252,
+   23,
+   123,
-   189,
-   248,
-   31,
-   4,
-   217,
-   54,
    255,
+   15,
+   254,
+   112,
+   62,
+   230,
+   35,
-   197,
-   222,
-   255,
-   131,
    63,
+   140,
+   23,
+   123,
+   236,
+   99,
+   184,
+   234,
+   63,
+   223,
+   75,
+   124,
+   207,
+   75,
-   156,
-   143,
-   249,
-   200,
-   15,
-   227,
-   197,
-   30,
-   251,
-   24,
-   174,
-   250,
-   47,
    240,
+   194,
+   252,
+   221,
+   123,
+   253,
+   29,
-   217,
-   199,
-   120,
-   161,
-   62,
-   251,
-   18,
    255,
    99,
    253,
    246,
    23,
...
    167,
+   240,
+   63,
-   112,
    213,
+   75,
+   124,
-   85,
    207,
+   75,
+   240,
+   194,
+   252,
+   221,
+   123,
-   227,
-   187,
-   223,
-   12,
-   110,
    253,
+   29,
+   87,
+   253,
+   231,
+   120,
+   159,
+   95,
+   126,
+   31,
-   125,
-   94,
-   160,
-   247,
    254,
+   252,
+   222,
+   63,
+   231,
    5,
+   249,
+   206,
+   55,
+   250,
+   78,
+   94,
+   225,
+   186,
+   87,
+   224,
+   170,
-   120,
-   240,
    171,
+   254,
+   155,
+   32,
+   219,
+   230,
+   191,
+   216,
-   115,
-   213,
-   255,
-   44,
    251,
+   127,
+   240,
+   135,
+   243,
+   49,
+   31,
+   249,
+   97,
+   188,
+   216,
+   99,
+   31,
    195,
+   85,
+   255,
+   249,
+   94,
+   226,
+   123,
+   94,
+   130,
+   23,
+   230,
+   239,
+   222,
-   62,
-   175,
-   250,
-   67,
-   175,
-   202,
-   139,
-   234,
-   229,
-   175,
-   125,
-   121,
-   190,
    235,
+   239,
+   248,
+   31,
+   235,
+   183,
-   141,
    191,
+   8,
+   126,
+   251,
    139,
+   121,
+   129,
+   94,
+   251,
+   147,
+   225,
+   181,
+   63,
+   133,
+   255,
+   169,
+   94,
+   226,
+   123,
+   94,
+   130,
+   23,
+   230,
-   7,
-   250,
-   246,
    239,
+   222,
+   235,
+   239,
+   184,
+   234,
+   63,
+   199,
+   251,
    252,
+   242,
+   251,
+   240,
+   231,
+   247,
+   254,
+   57,
+   47,
+   200,
+   119,
-   30,
-   238,
    190,
+   209,
+   119,
+   242,
+   10,
-   231,
-   30,
-   62,
-   227,
-   83,
-   63,
-   137,
-   131,
-   131,
-   67,
-   62,
-   244,
-   35,
-   63,
-   134,
    215,
+   189,
+   2,
+   87,
+   93,
-   124,
    245,
-   87,
-   227,
-   253,
    223,
-   247,
-   189,
-   248,
-   31,
    4,
    217,
    54,
    255,
    197,
...
    250,
+   207,
+   247,
-   47,
-   240,
-   217,
-   199,
-   120,
-   161,
-   62,
-   251,
    18,
+   223,
+   243,
+   18,
+   188,
+   48,
-   255,
-   99,
-   253,
-   246,
-   23,
-   193,
-   111,
    127,
+   247,
+   94,
-   49,
-   47,
-   208,
-   107,
    127,
+   199,
+   255,
+   88,
+   191,
-   50,
-   188,
-   246,
-   167,
-   112,
-   213,
-   85,
-   207,
-   227,
-   187,
-   223,
-   12,
-   110,
    253,
+   69,
-   125,
-   94,
-   160,
-   247,
-   254,
-   5,
-   120,
    240,
+   219,
-   171,
-   115,
-   213,
-   255,
-   61,
-   119,
-   223,
-   115,
-   47,
-   159,
-   247,
-   5,
    95,
    204,
+   11,
+   244,
+   218,
+   159,
+   12,
+   175,
+   253,
+   41,
+   252,
+   79,
-   95,
-   254,
    245,
+   18,
    223,
+   243,
+   18,
-   240,
-   178,
-   47,
-   253,
-   82,
    188,
+   48,
+   127,
+   247,
+   94,
+   127,
+   199,
+   85,
+   255,
+   57,
+   222,
+   231,
+   151,
+   223,
+   135,
+   63,
+   191,
+   247,
+   207,
+   121,
+   65,
-   217,
-   155,
    190,
+   243,
+   141,
+   190,
+   147,
+   87,
+   184,
+   238,
+   21,
+   184,
+   234,
+   170,
+   255,
-   49,
-   0,
-   111,
-   246,
    38,
-   111,
-   196,
-   255,
-   32,
    200,
    182,
    249,
    47,
    246,
...
    127,
+   190,
+   151,
+   248,
+   158,
+   151,
+   224,
+   133,
+   249,
+   187,
+   247,
+   250,
+   59,
+   254,
+   199,
+   250,
+   237,
+   47,
+   130,
+   223,
+   254,
+   98,
+   94,
+   160,
+   215,
+   254,
+   100,
+   120,
+   237,
+   79,
+   225,
+   127,
+   170,
+   151,
+   248,
+   158,
+   151,
+   224,
+   133,
+   249,
+   187,
+   247,
+   250,
+   59,
+   174,
+   250,
-   129,
    207,
+   241,
    62,
+   191,
+   252,
+   62,
+   252,
+   249,
+   189,
+   127,
+   206,
+   11,
+   242,
+   157,
+   111,
+   244,
+   157,
+   188,
+   194,
+   117,
+   175,
+   192,
+   85,
+   87,
+   253,
+   55,
+   65,
+   182,
+   205,
+   127,
+   177,
+   247,
+   255,
+   224,
+   15,
+   231,
+   99,
+   62,
+   242,
+   195,
+   120,
+   177,
+   199,
+   62,
+   134,
+   171,
+   254,
+   243,
+   189,
+   196,
+   247,
+   188,
+   4,
+   47,
+   204,
+   223,
+   189,
+   215,
+   223,
+   241,
+   63,
+   214,
+   111,
+   127,
+   17,
+   252,
+   246,
+   23,
+   243,
+   2,
+   189,
+   246,
+   39,
+   195,
+   107,
+   127,
+   10,
+   255,
+   83,
+   189,
+   196,
+   247,
+   188,
+   4,
+   47,
+   204,
+   223,
+   189,
+   215,
+   223,
+   113,
+   213,
+   127,
+   142,
+   247,
+   249,
+   229,
+   247,
+   225,
+   207,
+   239,
+   253,
+   115,
+   94,
+   144,
+   239,
+   124,
+   163,
+   239,
+   228,
+   21,
+   174,
+   123,
+   5,
+   174,
+   186,
+   234,
+   191,
+   9,
+   178,
+   109,
+   254,
+   139,
+   189,
+   255,
+   7,
+   127,
+   56,
+   31,
+   243,
+   145,
+   31,
    198,
+   139,
+   61,
+   246,
+   49,
+   92,
-   11,
    245,
+   159,
+   239,
+   37,
+   190,
+   231,
+   37,
+   120,
+   97,
+   254,
+   238,
+   189,
+   254,
+   142,
+   255,
+   177,
-   217,
-   151,
-   248,
-   31,
-   235,
-   183,
-   191,
-   8,
    126,
    251,
    139,
+   224,
+   183,
+   191,
+   152,
+   23,
+   232,
+   181,
+   63,
+   25,
-   121,
-   129,
    94,
    251,
+   83,
+   248,
+   159,
+   234,
+   37,
+   190,
+   231,
+   37,
+   120,
+   97,
+   254,
+   238,
+   189,
+   254,
+   142,
-   147,
-   225,
-   181,
-   63,
-   133,
    171,
+   254,
+   115,
+   188,
+   207,
+   47,
+   191,
+   15,
+   127,
+   126,
-   174,
-   122,
-   30,
-   223,
-   253,
-   102,
-   112,
-   235,
    239,
+   159,
    243,
+   130,
+   124,
+   231,
+   27,
+   125,
+   39,
+   175,
+   112,
+   221,
+   43,
+   112,
+   213,
+   85,
+   255,
+   77,
+   144,
+   109,
+   243,
+   95,
+   236,
+   253,
+   63,
+   248,
+   195,
+   249,
+   152,
+   143,
+   252,
+   48,
+   94,
+   236,
+   177,
+   143,
+   225,
+   170,
+   255,
+   124,
-   2,
-   189,
-   247,
    47,
+   241,
+   61,
+   47,
+   193,
+   11,
+   243,
+   119,
+   239,
+   245,
+   119,
+   252,
+   143,
+   245,
+   219,
-   192,
-   131,
    95,
+   4,
+   191,
+   253,
+   197,
+   188,
+   64,
+   175,
+   253,
+   201,
+   240,
+   218,
+   159,
+   194,
+   255,
+   84,
+   47,
+   241,
+   61,
+   47,
+   193,
+   11,
+   243,
+   119,
+   239,
+   245,
+   119,
+   92,
+   245,
+   159,
+   227,
+   125,
+   126,
+   249,
+   125,
+   248,
+   243,
+   123,
+   255,
+   156,
+   23,
+   228,
+   59,
+   223,
+   232,
+   59,
+   121,
+   133,
+   235,
+   94,
+   129,
-   157,
    171,
    174,
    250,
    111,
    130,
...
    253,
+   231,
+   123,
+   137,
+   239,
+   121,
+   9,
+   94,
+   152,
+   191,
+   123,
+   175,
+   191,
+   227,
+   127,
+   172,
+   223,
+   254,
+   34,
-   23,
    248,
+   237,
+   47,
+   230,
+   5,
+   122,
+   237,
+   79,
+   134,
+   215,
+   254,
+   20,
+   254,
+   167,
+   122,
-   236,
-   99,
-   188,
-   80,
-   159,
-   125,
    137,
+   239,
+   121,
+   9,
+   94,
+   152,
-   255,
-   169,
-   30,
-   247,
-   71,
    191,
+   123,
+   175,
+   191,
+   227,
+   127,
+   170,
+   63,
+   187,
+   231,
+   207,
+   120,
+   223,
+   95,
+   121,
+   95,
+   94,
+   144,
+   151,
+   191,
+   246,
+   229,
+   249,
+   174,
+   55,
-   200,
    254,
+   46,
+   254,
+   167,
+   122,
+   159,
+   95,
-   19,
    126,
+   31,
+   254,
+   252,
+   222,
+   63,
+   231,
+   5,
+   249,
+   206,
+   55,
+   250,
+   78,
+   94,
+   225,
+   186,
+   87,
+   224,
+   170,
+   171,
+   254,
+   155,
+   32,
+   219,
+   230,
+   191,
+   216,
-   139,
-   23,
-   100,
    251,
+   127,
+   240,
+   135,
+   243,
+   49,
+   31,
+   249,
+   97,
+   188,
+   216,
+   99,
+   31,
-   209,
-   175,
    195,
+   85,
+   255,
-   99,
-   95,
-   229,
-   77,
    249,
+   94,
+   226,
+   123,
+   94,
+   130,
+   23,
+   230,
+   239,
+   222,
+   235,
+   239,
+   248,
    31,
    235,
+   183,
+   191,
+   8,
+   126,
+   251,
+   139,
+   121,
+   129,
+   94,
+   251,
+   147,
+   225,
+   181,
+   63,
+   133,
+   255,
+   169,
+   94,
+   226,
+   123,
+   94,
+   130,
-   119,
-   190,
-   152,
    23,
+   230,
+   239,
+   222,
+   235,
+   239,
+   248,
+   159,
    234,
+   207,
+   238,
+   249,
+   51,
+   222,
-   181,
-   62,
-   153,
-   171,
-   254,
-   147,
-   124,
    247,
+   87,
+   222,
+   151,
+   23,
+   228,
+   229,
+   175,
+   125,
+   121,
+   190,
+   235,
+   141,
-   155,
-   193,
-   173,
    191,
+   139,
+   255,
+   169,
-   207,
-   11,
-   244,
    222,
+   231,
+   151,
+   223,
+   135,
+   63,
    191,
+   247,
+   207,
+   121,
+   65,
+   190,
+   243,
+   141,
+   190,
+   147,
+   87,
+   184,
+   238,
+   21,
+   184,
+   234,
+   170,
+   255,
+   38,
+   200,
+   182,
+   249,
+   47,
+   246,
+   254,
+   31,
+   252,
+   225,
+   124,
+   204,
+   71,
-   0,
-   15,
    126,
+   24,
+   47,
+   246,
+   216,
+   199,
+   112,
+   213,
+   127,
+   190,
+   151,
+   248,
+   158,
+   151,
+   224,
+   133,
+   249,
+   187,
+   247,
+   250,
+   59,
+   254,
+   199,
+   250,
+   237,
+   47,
+   130,
+   223,
+   254,
+   98,
+   94,
+   160,
+   215,
+   254,
+   100,
+   120,
+   237,
+   79,
+   225,
+   127,
+   170,
+   151,
+   248,
+   158,
+   151,
+   224,
+   133,
+   249,
+   187,
+   247,
+   250,
+   59,
+   254,
+   167,
+   250,
+   179,
+   123,
+   254,
+   140,
+   247,
+   253,
+   149,
+   247,
+   229,
+   5,
+   121,
+   249,
+   107,
+   95,
+   158,
+   239,
+   122,
+   227,
+   239,
+   226,
+   127,
+   170,
+   247,
+   249,
+   229,
+   247,
+   225,
+   207,
+   239,
+   253,
+   115,
+   94,
+   144,
+   239,
+   124,
+   163,
+   239,
+   228,
+   21,
-   117,
    174,
+   123,
+   5,
+   174,
    186,
    234,
    191,
    9,
    178,
...
    245,
+   159,
+   239,
+   37,
+   190,
+   231,
+   37,
+   120,
+   97,
+   254,
+   238,
+   189,
+   254,
+   142,
+   255,
+   177,
+   126,
+   251,
+   139,
-   95,
    224,
+   183,
+   191,
+   152,
+   23,
+   232,
+   181,
+   63,
+   25,
+   94,
+   251,
+   83,
+   248,
+   159,
+   234,
-   179,
-   143,
-   241,
-   66,
-   125,
-   246,
    37,
+   190,
+   231,
+   37,
+   120,
+   97,
    254,
+   238,
+   189,
+   254,
+   142,
+   255,
+   169,
+   254,
+   236,
+   158,
+   63,
+   227,
+   125,
+   127,
+   229,
+   125,
+   121,
+   65,
+   94,
+   254,
+   218,
+   151,
+   231,
+   187,
+   222,
+   248,
+   187,
+   248,
+   159,
-   167,
-   250,
    234,
+   125,
+   126,
-   95,
-   127,
-   18,
-   95,
-   253,
-   235,
-   79,
-   230,
-   5,
    249,
+   125,
+   248,
+   243,
+   123,
+   255,
+   156,
+   23,
+   228,
+   59,
+   223,
    232,
+   59,
+   121,
+   133,
+   235,
+   94,
+   129,
+   171,
+   174,
+   250,
+   111,
+   130,
+   108,
+   155,
+   255,
+   98,
+   239,
+   255,
+   193,
-   215,
-   127,
-   4,
    31,
+   206,
+   199,
+   124,
+   228,
+   135,
+   241,
+   98,
+   143,
+   125,
+   12,
+   87,
    253,
+   231,
+   123,
+   137,
+   239,
+   121,
+   9,
+   94,
+   152,
+   191,
+   123,
+   175,
+   191,
+   227,
-   250,
-   143,
-   228,
    127,
    172,
+   223,
+   254,
+   34,
+   248,
+   237,
+   47,
+   230,
+   5,
+   122,
+   237,
+   79,
+   134,
+   215,
+   254,
+   20,
+   254,
+   167,
+   122,
+   137,
+   239,
+   121,
+   9,
+   94,
+   152,
+   191,
+   123,
+   175,
+   191,
+   227,
+   127,
+   170,
+   63,
+   187,
+   231,
    207,
+   120,
+   223,
+   95,
+   121,
+   95,
+   94,
+   144,
-   62,
-   198,
-   11,
-   245,
-   217,
    151,
+   191,
+   246,
+   229,
+   249,
+   174,
+   55,
+   254,
+   46,
+   254,
+   167,
+   122,
+   159,
+   95,
+   126,
+   31,
+   254,
+   252,
+   222,
-   184,
-   234,
    63,
+   231,
+   5,
+   249,
+   206,
+   55,
-   201,
-   119,
-   191,
-   25,
-   220,
    250,
+   78,
+   94,
+   225,
+   186,
+   87,
-   251,
-   188,
-   64,
-   239,
-   253,
-   11,
-   240,
    224,
-   87,
-   231,
    170,
    171,
    254,
    155,
    32,
    219,
    230,
+   223,
+   225,
+   201,
+   79,
+   121,
+   42,
+   7,
+   7,
+   7,
+   220,
+   239,
+   186,
+   235,
+   174,
+   227,
+   250,
+   235,
+   174,
+   229,
+   133,
+   121,
+   255,
+   15,
+   254,
+   112,
+   62,
+   230,
+   35,
+   63,
+   140,
+   23,
+   123,
+   236,
+   99,
+   184,
+   234,
+   63,
+   223,
+   75,
+   124,
+   207,
+   75,
+   240,
+   194,
+   252,
+   221,
+   123,
+   253,
+   29,
+   255,
+   99,
+   253,
+   246,
+   23,
+   193,
+   111,
-   191,
-   216,
-   251,
    127,
-   240,
-   135,
-   243,
    49,
+   47,
+   208,
+   107,
+   127,
+   50,
-   31,
-   249,
-   97,
    188,
+   246,
+   167,
+   240,
+   63,
+   213,
+   75,
+   124,
+   207,
+   75,
+   240,
+   194,
+   252,
+   221,
+   123,
+   253,
+   29,
-   216,
-   99,
-   31,
-   195,
-   85,
    255,
+   83,
+   253,
+   217,
+   61,
+   127,
+   198,
-   5,
-   62,
    251,
+   254,
+   202,
+   251,
+   242,
+   130,
+   188,
+   252,
+   181,
-   24,
    47,
+   207,
+   119,
+   189,
-   212,
-   103,
-   95,
-   226,
-   127,
-   170,
-   175,
-   254,
-   245,
-   39,
    241,
+   119,
+   241,
+   63,
    213,
+   251,
+   252,
+   242,
+   251,
+   240,
+   231,
+   247,
-   191,
    254,
+   57,
+   47,
+   200,
+   119,
+   190,
-   100,
-   94,
-   144,
-   143,
-   126,
-   253,
-   71,
-   240,
    209,
+   119,
+   242,
+   10,
+   215,
+   189,
+   2,
+   87,
+   93,
+   245,
+   223,
+   4,
+   217,
+   54,
+   255,
+   14,
    175,
+   252,
+   26,
+   175,
+   203,
+   203,
+   190,
+   244,
+   75,
+   113,
+   191,
+   55,
+   123,
+   211,
+   55,
+   230,
+   205,
+   222,
+   228,
+   141,
+   120,
+   97,
+   222,
    255,
+   131,
+   63,
+   156,
+   143,
+   249,
+   200,
+   15,
+   227,
+   197,
+   30,
+   251,
+   24,
+   174,
-   72,
-   254,
-   199,
    250,
+   207,
+   247,
+   18,
+   223,
+   243,
+   18,
-   236,
-   99,
    188,
+   48,
+   127,
+   247,
+   94,
+   127,
+   199,
+   255,
+   88,
+   191,
+   253,
+   69,
+   240,
+   219,
+   95,
+   204,
+   11,
+   244,
+   218,
-   80,
    159,
+   12,
+   175,
+   253,
+   41,
+   252,
+   79,
+   245,
+   18,
+   223,
+   243,
+   18,
+   188,
+   48,
+   127,
-   125,
-   137,
-   171,
-   254,
-   147,
-   124,
    247,
+   94,
+   127,
+   199,
+   255,
+   84,
+   127,
+   118,
+   207,
+   159,
+   241,
+   190,
-   155,
-   193,
-   173,
    191,
+   242,
+   190,
+   188,
+   32,
+   47,
+   127,
+   237,
+   203,
+   243,
+   93,
+   111,
+   252,
+   93,
+   252,
+   79,
+   245,
+   62,
+   191,
+   252,
+   62,
+   252,
+   249,
+   189,
+   127,
+   206,
-   207,
    11,
+   242,
+   157,
+   111,
    244,
+   157,
+   188,
+   194,
-   222,
-   191,
-   0,
-   15,
-   126,
    117,
+   175,
+   192,
+   85,
+   87,
+   253,
+   55,
+   65,
+   182,
+   205,
-   174,
-   186,
-   234,
    191,
+   195,
+   43,
+   191,
+   198,
+   235,
+   242,
+   199,
+   191,
+   247,
+   155,
+   252,
+   107,
+   188,
-   9,
-   178,
-   109,
-   254,
-   139,
-   189,
    255,
    7,
    127,
    56,
    31,
...
    245,
+   159,
+   239,
+   37,
+   190,
+   231,
+   37,
+   120,
+   97,
+   254,
+   238,
+   189,
+   254,
+   142,
+   255,
+   177,
+   126,
+   251,
+   139,
-   95,
    224,
+   183,
+   191,
+   152,
+   23,
+   232,
+   181,
+   63,
+   25,
+   94,
+   251,
+   83,
+   248,
+   159,
+   234,
-   179,
-   143,
-   241,
-   66,
-   125,
-   246,
    37,
+   190,
+   231,
+   37,
+   120,
+   97,
    254,
+   238,
+   189,
+   254,
+   142,
+   255,
+   169,
+   254,
+   236,
+   158,
+   63,
+   227,
+   125,
+   127,
+   229,
+   125,
+   121,
+   65,
+   94,
+   254,
+   218,
+   151,
+   231,
+   187,
+   222,
+   248,
+   187,
+   248,
+   159,
+   234,
+   125,
+   126,
+   249,
+   125,
+   248,
+   243,
+   123,
+   255,
+   156,
+   23,
+   228,
+   59,
+   223,
+   232,
+   59,
+   121,
+   133,
+   235,
+   94,
+   129,
+   171,
+   174,
-   167,
    250,
+   111,
+   130,
+   108,
+   155,
+   127,
+   135,
+   215,
+   127,
+   147,
+   183,
+   224,
+   215,
+   127,
+   233,
+   231,
+   248,
+   215,
+   120,
+   255,
+   15,
+   254,
+   112,
+   62,
+   230,
+   35,
+   63,
+   140,
+   23,
+   123,
+   236,
+   99,
+   184,
    234,
+   63,
+   223,
+   75,
+   124,
+   207,
+   75,
+   240,
+   194,
+   252,
+   221,
+   123,
+   253,
+   29,
+   255,
+   99,
+   253,
+   246,
+   23,
+   193,
+   111,
-   95,
    127,
+   49,
+   47,
+   208,
+   107,
+   127,
+   50,
+   188,
+   246,
+   167,
+   240,
+   63,
+   213,
+   75,
+   124,
+   207,
+   75,
+   240,
+   194,
+   252,
+   221,
+   123,
-   18,
-   95,
    253,
+   29,
+   255,
+   83,
+   253,
+   217,
+   61,
+   127,
+   198,
+   251,
+   254,
+   202,
+   251,
+   242,
+   130,
+   188,
+   252,
+   181,
+   47,
+   207,
+   119,
+   189,
+   241,
+   119,
+   241,
+   63,
+   213,
+   251,
+   252,
+   242,
+   251,
+   240,
+   231,
+   247,
+   254,
+   57,
+   47,
+   200,
+   119,
+   190,
+   209,
+   119,
+   242,
+   10,
+   215,
+   189,
+   2,
+   87,
+   93,
+   245,
+   223,
+   4,
+   217,
+   54,
+   255,
+   70,
-   235,
    79,
+   126,
+   202,
+   83,
-   230,
-   5,
    249,
+   208,
+   143,
+   252,
+   24,
+   182,
+   182,
+   182,
+   0,
+   120,
+   185,
+   151,
+   121,
+   105,
+   62,
+   250,
+   35,
+   62,
+   140,
+   173,
+   173,
+   77,
+   30,
    232,
+   239,
+   254,
+   254,
+   31,
+   248,
+   178,
+   175,
+   252,
+   26,
+   238,
+   119,
+   254,
+   252,
+   5,
+   190,
+   244,
+   139,
+   62,
+   143,
+   23,
+   123,
+   236,
+   99,
+   184,
+   234,
+   63,
+   223,
+   251,
+   252,
+   244,
+   219,
+   242,
+   194,
+   124,
    215,
+   91,
+   255,
+   36,
+   255,
+   99,
+   253,
+   246,
+   23,
+   193,
+   111,
    127,
+   49,
+   47,
+   208,
+   107,
+   127,
+   50,
+   188,
+   246,
+   167,
+   240,
+   63,
+   213,
+   251,
+   252,
+   244,
+   219,
+   242,
+   194,
+   124,
+   215,
+   91,
+   255,
+   36,
+   255,
+   83,
-   4,
-   31,
    253,
+   217,
+   61,
+   127,
+   198,
+   251,
+   254,
+   202,
+   251,
+   242,
+   130,
+   188,
+   252,
+   181,
+   47,
+   207,
+   119,
+   189,
+   241,
+   119,
+   241,
+   63,
+   213,
+   151,
+   252,
+   246,
+   39,
+   240,
+   132,
+   221,
+   167,
+   242,
+   130,
+   124,
+   242,
+   43,
+   127,
+   26,
-   250,
    143,
+   186,
+   238,
+   229,
+   184,
+   234,
+   170,
+   255,
+   38,
+   200,
+   182,
+   249,
+   119,
+   56,
+   56,
+   56,
+   100,
+   107,
+   107,
+   147,
+   131,
+   131,
+   67,
+   190,
+   234,
+   107,
+   191,
+   158,
+   123,
+   238,
+   185,
+   151,
+   111,
+   248,
+   218,
+   175,
    228,
+   129,
+   142,
+   150,
+   75,
+   238,
+   188,
+   243,
+   46,
+   238,
+   247,
+   249,
+   95,
+   248,
+   165,
+   124,
+   226,
+   199,
    127,
+   52,
+   47,
+   246,
+   216,
+   199,
+   112,
+   213,
+   127,
+   129,
-   172,
    207,
    62,
    198,
    11,
    245,
    217,
    151,
+   248,
+   31,
+   235,
+   183,
+   191,
+   8,
+   126,
+   251,
+   139,
+   121,
+   129,
+   94,
+   251,
+   147,
+   225,
+   181,
+   63,
+   133,
+   255,
+   177,
+   62,
+   251,
+   24,
+   47,
+   212,
+   103,
+   95,
+   226,
+   127,
+   170,
+   63,
+   187,
+   231,
+   207,
+   120,
+   223,
+   95,
+   121,
+   95,
+   94,
+   144,
+   151,
+   191,
+   246,
+   229,
+   249,
+   174,
+   55,
+   254,
+   46,
+   254,
+   199,
+   250,
+   238,
+   55,
+   131,
+   91,
+   127,
+   159,
+   23,
+   232,
+   189,
+   127,
+   1,
+   30,
+   252,
-   184,
    234,
+   92,
+   117,
+   213,
+   127,
+   19,
+   100,
+   219,
+   252,
+   7,
+   57,
+   56,
+   56,
+   228,
+   245,
+   223,
+   228,
+   45,
+   248,
+   227,
+   223,
+   251,
+   77,
+   94,
+   152,
+   247,
+   255,
+   224,
+   15,
+   231,
+   99,
+   62,
+   242,
+   195,
+   120,
+   177,
+   199,
+   62,
+   134,
+   171,
+   254,
+   11,
+   124,
+   246,
+   49,
+   94,
+   168,
+   207,
+   190,
+   196,
+   255,
+   88,
+   191,
+   253,
+   69,
+   240,
+   219,
+   95,
+   204,
+   11,
+   244,
+   218,
+   159,
+   12,
+   175,
+   253,
+   41,
+   252,
+   143,
+   245,
+   217,
+   199,
+   120,
+   161,
+   62,
+   251,
+   18,
+   255,
+   83,
+   253,
+   217,
+   61,
+   127,
+   198,
+   251,
+   254,
+   202,
+   251,
+   242,
+   130,
+   188,
+   252,
+   181,
+   47,
+   207,
+   119,
+   189,
+   241,
+   119,
+   241,
    63,
+   214,
-   201,
    119,
    191,
    25,
    220,
    250,
...
    230,
+   63,
+   200,
+   95,
+   254,
+   213,
+   223,
+   240,
+   121,
+   95,
+   248,
+   197,
+   252,
+   212,
+   143,
+   253,
+   16,
+   47,
+   204,
-   191,
-   216,
    251,
    127,
    240,
    135,
    243,
...
    127,
+   172,
+   223,
-   170,
-   175,
    254,
+   34,
+   248,
+   237,
+   47,
+   230,
+   5,
+   122,
+   237,
+   79,
+   134,
+   215,
-   245,
-   39,
-   241,
-   213,
-   191,
    254,
+   20,
-   100,
-   94,
-   144,
-   143,
-   126,
-   253,
-   71,
-   240,
-   209,
-   175,
-   255,
-   72,
    254,
    199,
    250,
    236,
    99,
...
    137,
+   255,
+   169,
-   171,
    254,
+   236,
+   158,
+   63,
+   227,
+   125,
+   127,
+   229,
+   125,
+   121,
+   65,
+   94,
+   254,
+   218,
+   151,
+   231,
+   187,
+   222,
+   248,
+   187,
+   248,
+   31,
+   235,
+   187,
+   223,
+   12,
+   110,
+   253,
+   125,
+   94,
+   160,
-   147,
-   124,
    247,
-   155,
-   193,
-   173,
-   191,
-   207,
-   11,
-   244,
-   222,
-   191,
-   0,
-   15,
-   126,
-   117,
-   174,
-   186,
-   234,
-   191,
-   9,
-   178,
-   109,
    254,
+   5,
+   120,
+   240,
+   171,
+   115,
+   213,
+   85,
-   139,
-   189,
    255,
+   77,
+   144,
+   109,
-   7,
-   127,
-   56,
-   31,
    243,
+   111,
+   244,
+   35,
+   63,
-   145,
-   31,
-   198,
-   139,
-   61,
    246,
+   19,
+   60,
+   249,
+   41,
+   79,
+   229,
+   250,
+   235,
+   174,
+   99,
+   255,
-   49,
-   92,
-   245,
-   95,
    224,
+   128,
-   179,
-   143,
-   241,
-   66,
-   125,
-   246,
-   37,
-   254,
-   167,
-   250,
-   234,
    95,
+   248,
+   165,
-   127,
-   18,
    95,
-   253,
-   235,
-   79,
    230,
+   51,
+   62,
+   229,
+   147,
+   120,
+   205,
-   5,
-   249,
-   232,
    215,
+   120,
+   53,
+   94,
+   152,
+   247,
+   255,
+   224,
+   15,
+   231,
+   99,
+   62,
+   242,
+   195,
+   120,
+   177,
+   199,
+   62,
+   134,
+   171,
+   254,
+   11,
+   124,
+   246,
+   49,
+   94,
+   168,
+   207,
+   190,
+   196,
+   255,
+   88,
+   191,
-   127,
-   4,
-   31,
    253,
+   69,
+   240,
+   219,
+   95,
+   204,
+   11,
+   244,
+   218,
+   159,
+   12,
+   175,
+   253,
+   41,
+   252,
-   250,
    143,
+   245,
+   217,
+   199,
+   120,
+   161,
+   62,
+   251,
+   18,
+   255,
+   83,
+   253,
+   217,
+   61,
-   228,
    127,
+   198,
+   251,
+   254,
+   202,
+   251,
+   242,
+   130,
+   188,
+   252,
+   181,
+   47,
-   172,
    207,
+   119,
+   189,
+   241,
+   119,
+   241,
-   62,
-   198,
-   11,
-   245,
-   217,
-   151,
-   184,
-   234,
    63,
+   214,
-   201,
    119,
    191,
    25,
    220,
    250,
...
    230,
+   223,
+   225,
+   119,
-   191,
-   216,
-   251,
    127,
+   239,
+   15,
+   120,
+   210,
+   147,
+   159,
+   194,
+   245,
+   215,
+   95,
+   199,
+   203,
+   190,
+   204,
+   75,
+   115,
+   253,
+   117,
+   215,
+   242,
+   47,
+   121,
-   240,
-   135,
-   243,
-   49,
-   31,
-   249,
-   97,
-   188,
-   216,
-   99,
-   31,
-   195,
-   85,
    255,
+   15,
+   254,
+   112,
-   5,
    62,
+   230,
+   35,
+   63,
+   140,
+   23,
+   123,
+   236,
+   99,
+   184,
+   234,
+   191,
+   192,
-   251,
-   24,
-   47,
-   212,
    103,
+   31,
+   227,
+   133,
+   250,
+   236,
+   75,
+   252,
+   143,
+   245,
+   219,
    95,
+   4,
+   191,
+   253,
+   197,
+   188,
+   64,
-   226,
-   127,
-   170,
    175,
+   253,
+   201,
+   240,
+   218,
+   159,
+   194,
+   255,
+   88,
+   159,
+   125,
+   140,
+   23,
+   234,
+   179,
+   47,
-   254,
-   245,
-   39,
    241,
+   63,
    213,
+   159,
+   221,
+   243,
+   103,
+   188,
+   239,
-   191,
-   254,
-   100,
-   94,
-   144,
-   143,
-   126,
-   253,
-   71,
-   240,
-   209,
    175,
+   188,
+   47,
+   47,
+   200,
+   203,
+   95,
+   251,
+   242,
+   124,
+   215,
+   27,
+   127,
+   23,
    255,
-   72,
-   254,
-   199,
-   250,
-   236,
    99,
-   188,
-   80,
-   159,
    125,
-   137,
-   171,
-   254,
-   147,
-   124,
    247,
    155,
    193,
    173,
    191,
...
    254,
+   199,
-   167,
    250,
+   237,
+   47,
+   130,
+   223,
+   254,
+   98,
+   94,
+   160,
+   215,
+   254,
+   100,
+   120,
+   237,
-   234,
-   95,
-   127,
-   18,
-   95,
-   253,
-   235,
    79,
+   225,
-   230,
-   5,
-   249,
-   232,
-   215,
    127,
-   4,
-   31,
-   253,
-   250,
-   143,
-   228,
-   127,
    172,
    207,
    62,
    198,
    11,
...
    151,
+   248,
+   159,
-   184,
    234,
+   207,
+   238,
+   249,
+   51,
+   222,
+   247,
+   87,
+   222,
+   151,
+   23,
+   228,
+   229,
+   175,
+   125,
+   121,
+   190,
+   235,
+   141,
-   63,
-   201,
-   119,
    191,
+   139,
+   255,
+   177,
+   190,
-   25,
-   220,
-   250,
    251,
+   205,
-   188,
-   64,
-   239,
-   253,
-   11,
-   240,
    224,
+   214,
+   223,
-   87,
    231,
+   5,
+   122,
+   239,
+   95,
+   128,
+   7,
-   170,
-   171,
-   254,
-   155,
-   32,
-   219,
-   230,
    191,
+   58,
+   87,
+   93,
+   245,
+   223,
+   4,
+   217,
+   54,
+   255,
+   197,
+   222,
+   255,
+   131,
+   63,
+   156,
+   143,
+   249,
+   200,
+   15,
+   227,
+   197,
+   30,
-   216,
    251,
+   24,
+   174,
+   250,
+   47,
+   240,
+   217,
+   199,
+   120,
+   161,
+   62,
+   251,
+   18,
+   255,
+   99,
+   253,
+   246,
+   23,
+   193,
+   111,
    127,
-   240,
-   135,
-   243,
    49,
+   47,
+   208,
+   107,
+   127,
+   50,
-   31,
-   249,
-   97,
    188,
+   246,
+   167,
+   240,
+   63,
+   214,
+   103,
-   216,
-   99,
    31,
+   227,
+   133,
+   250,
+   236,
+   75,
+   252,
+   79,
+   245,
+   103,
+   247,
+   252,
+   25,
+   239,
+   251,
+   43,
+   239,
+   203,
+   11,
+   242,
+   242,
+   215,
+   190,
+   60,
+   223,
+   245,
+   198,
+   223,
+   197,
-   195,
-   85,
    255,
+   88,
+   223,
+   253,
+   102,
+   112,
+   235,
+   239,
+   243,
+   2,
+   189,
+   247,
-   5,
-   62,
-   251,
-   24,
    47,
+   192,
+   131,
-   212,
-   103,
    95,
+   157,
+   171,
+   174,
+   250,
+   111,
+   130,
+   108,
+   155,
+   255,
+   98,
+   239,
+   255,
+   193,
+   31,
+   206,
+   199,
+   124,
+   228,
+   135,
-   226,
-   127,
-   170,
-   175,
-   254,
-   245,
-   39,
    241,
+   98,
-   213,
-   191,
-   254,
-   100,
-   94,
-   144,
    143,
+   125,
+   12,
+   87,
-   126,
    253,
+   23,
+   248,
-   71,
-   240,
-   209,
-   175,
-   255,
-   72,
-   254,
-   199,
-   250,
    236,
    99,
    188,
    80,
    159,
    125,
    137,
+   255,
+   177,
-   171,
-   254,
-   147,
-   124,
-   247,
-   155,
-   193,
-   173,
-   191,
-   207,
-   11,
-   244,
-   222,
-   191,
-   0,
-   15,
    126,
+   251,
+   139,
+   224,
+   183,
-   117,
-   174,
-   186,
-   234,
    191,
+   152,
+   23,
+   232,
+   181,
+   63,
+   25,
+   94,
+   251,
+   83,
+   248,
-   9,
-   178,
-   109,
-   254,
-   139,
-   189,
-   255,
-   7,
-   127,
-   56,
    31,
+   235,
-   243,
-   145,
-   31,
-   198,
-   139,
-   61,
-   246,
-   49,
-   92,
-   245,
-   95,
-   224,
    179,
    143,
    241,
    66,
    125,
...
    250,
+   179,
+   123,
+   254,
+   140,
+   247,
-   234,
-   95,
-   127,
-   18,
-   95,
    253,
+   149,
+   247,
+   229,
-   235,
-   79,
-   230,
    5,
+   121,
    249,
+   107,
+   95,
+   158,
+   239,
+   122,
+   227,
+   239,
+   226,
-   232,
-   215,
    127,
+   172,
+   239,
+   126,
+   51,
+   184,
+   245,
+   247,
+   121,
+   129,
+   222,
+   251,
+   23,
+   224,
+   193,
+   175,
+   206,
+   85,
+   87,
-   4,
-   31,
    253,
+   55,
+   65,
+   182,
+   205,
-   250,
-   143,
-   228,
    127,
+   177,
+   247,
+   255,
+   224,
+   15,
+   231,
+   99,
-   172,
-   207,
    62,
+   242,
+   195,
+   120,
+   177,
+   199,
+   62,
+   134,
+   171,
+   254,
-   198,
    11,
+   124,
+   246,
+   49,
+   94,
+   168,
+   207,
+   190,
+   196,
+   255,
+   88,
+   191,
+   253,
+   69,
+   240,
+   219,
+   95,
+   204,
+   11,
+   244,
+   218,
+   159,
+   12,
+   175,
+   253,
+   41,
+   252,
+   143,
    245,
    217,
+   199,
+   120,
+   161,
+   62,
+   251,
+   18,
+   255,
+   83,
+   253,
+   217,
+   61,
+   127,
+   198,
+   251,
+   254,
+   202,
+   251,
+   242,
+   130,
+   188,
+   252,
+   181,
+   47,
+   207,
+   119,
+   189,
+   241,
+   119,
+   241,
-   151,
-   184,
-   234,
    63,
+   214,
-   201,
    119,
    191,
    25,
    220,
    250,
...
    127,
+   172,
+   223,
-   170,
-   175,
    254,
+   34,
+   248,
+   237,
+   47,
+   230,
+   5,
+   122,
+   237,
+   79,
+   134,
+   215,
-   245,
-   39,
-   241,
-   213,
-   191,
    254,
+   20,
-   100,
-   94,
-   144,
-   143,
-   126,
-   253,
-   71,
-   240,
-   209,
-   175,
-   255,
-   72,
    254,
+   167,
-   199,
    250,
-   236,
-   99,
    188,
+   175,
-   80,
-   159,
-   125,
-   137,
    255,
+   86,
+   94,
+   152,
+   207,
-   177,
-   110,
-   253,
-   125,
    248,
-   238,
-   55,
-   227,
-   5,
-   122,
    240,
+   15,
+   228,
+   127,
+   170,
+   63,
+   187,
+   231,
-   171,
-   195,
-   123,
-   255,
-   2,
-   255,
-   99,
-   125,
-   247,
-   155,
-   193,
-   173,
-   191,
    207,
+   120,
+   223,
+   95,
+   121,
+   95,
+   94,
+   144,
+   151,
-   11,
-   244,
-   222,
    191,
+   246,
+   229,
+   249,
-   0,
-   15,
-   126,
-   117,
    174,
+   55,
+   254,
+   46,
+   254,
+   199,
+   250,
+   238,
+   55,
+   131,
+   91,
+   127,
+   159,
+   23,
+   232,
+   189,
+   127,
+   1,
+   30,
+   252,
-   186,
    234,
+   252,
+   143,
+   116,
+   207,
+   223,
+   193,
+   47,
+   127,
+   10,
+   47,
+   208,
+   117,
+   47,
+   14,
+   111,
+   252,
+   197,
+   92,
+   245,
    191,
+   26,
-   9,
    178,
    109,
    254,
    139,
    189,
...
    254,
+   199,
-   167,
    250,
+   237,
+   47,
+   130,
+   223,
+   254,
+   98,
+   94,
+   160,
+   215,
+   254,
+   100,
+   120,
+   237,
-   234,
-   95,
-   127,
-   18,
-   95,
-   253,
-   235,
    79,
+   225,
-   230,
-   5,
-   249,
-   232,
-   215,
    127,
+   170,
+   7,
+   127,
+   242,
+   47,
+   240,
+   194,
+   220,
-   4,
-   31,
-   253,
    250,
+   197,
+   111,
+   198,
+   255,
+   84,
-   143,
-   228,
    127,
+   118,
-   172,
    207,
+   159,
+   241,
+   190,
+   191,
+   242,
+   190,
+   188,
+   32,
+   47,
+   127,
+   237,
+   203,
+   243,
+   93,
+   111,
+   252,
+   93,
+   252,
+   143,
+   245,
+   221,
+   111,
+   6,
+   183,
+   254,
    62,
+   47,
+   208,
+   123,
+   255,
+   2,
+   60,
-   198,
-   11,
-   245,
-   217,
-   151,
    248,
+   213,
+   249,
    31,
+   233,
-   235,
    214,
    223,
    135,
    239,
    126,
...
    47,
+   112,
+   213,
+   255,
+   106,
+   200,
+   182,
+   249,
+   47,
+   246,
+   254,
+   31,
+   252,
+   225,
+   124,
+   204,
+   71,
+   126,
+   24,
+   47,
+   246,
+   216,
+   199,
+   112,
+   213,
+   127,
+   129,
+   207,
+   62,
+   198,
+   11,
+   245,
+   217,
+   151,
+   248,
+   31,
+   235,
+   183,
+   191,
+   8,
+   126,
+   251,
+   139,
+   121,
+   129,
+   94,
+   251,
+   147,
+   225,
+   181,
-   240,
    63,
+   133,
+   255,
+   169,
+   30,
+   252,
+   201,
+   191,
+   192,
+   11,
+   115,
+   235,
+   23,
+   191,
+   25,
+   255,
+   83,
+   253,
+   217,
+   61,
+   127,
+   198,
+   251,
+   254,
+   202,
+   251,
+   242,
+   130,
+   188,
+   252,
+   181,
+   47,
+   207,
+   119,
+   189,
+   241,
+   119,
+   241,
+   63,
    214,
    119,
    191,
    25,
    220,
...
    231,
+   127,
+   164,
+   91,
+   127,
+   31,
+   190,
+   251,
+   205,
+   120,
+   129,
+   30,
+   252,
+   234,
+   240,
+   222,
+   191,
+   192,
+   85,
+   255,
-   170,
    171,
+   33,
-   254,
-   155,
-   32,
    219,
    230,
    191,
    216,
    251,
...
    127,
+   172,
+   223,
-   170,
-   175,
    254,
+   34,
+   248,
+   237,
+   47,
+   230,
+   5,
+   122,
+   237,
+   79,
+   134,
+   215,
-   245,
-   39,
-   241,
-   213,
-   191,
    254,
+   20,
+   254,
+   167,
+   122,
-   100,
-   94,
-   144,
-   143,
-   126,
-   253,
-   71,
    240,
+   39,
-   209,
-   175,
    255,
+   2,
+   47,
+   204,
+   173,
+   95,
+   252,
+   102,
+   252,
+   79,
+   245,
+   103,
+   247,
+   252,
+   25,
+   239,
+   251,
+   43,
+   239,
+   203,
+   11,
+   242,
+   242,
+   215,
+   190,
+   60,
+   223,
+   245,
+   198,
+   223,
+   197,
-   72,
-   254,
-   199,
-   250,
-   236,
-   99,
-   188,
-   80,
-   159,
-   125,
-   137,
    255,
+   88,
+   223,
+   253,
+   102,
+   112,
+   235,
+   239,
+   243,
+   2,
+   189,
+   247,
+   47,
+   192,
+   131,
+   95,
+   157,
+   255,
+   145,
-   177,
    110,
    253,
    125,
    248,
    238,
...
    2,
+   87,
+   253,
+   175,
+   134,
+   108,
+   155,
    255,
+   98,
+   239,
+   255,
+   193,
+   31,
+   206,
+   199,
+   124,
+   228,
+   135,
+   241,
+   98,
+   143,
+   125,
+   12,
+   87,
+   253,
+   23,
+   248,
+   236,
    99,
+   188,
+   80,
+   159,
    125,
+   137,
+   255,
+   177,
+   126,
+   251,
+   139,
+   224,
+   183,
+   191,
+   152,
+   23,
+   232,
+   181,
+   63,
+   25,
+   94,
+   251,
+   83,
+   248,
+   159,
+   234,
+   193,
+   159,
+   252,
+   11,
+   188,
+   48,
+   183,
+   126,
+   241,
+   155,
+   241,
+   63,
+   213,
+   159,
+   221,
+   243,
+   103,
+   188,
+   239,
+   175,
+   188,
+   47,
+   47,
+   200,
+   203,
+   95,
+   251,
+   242,
+   124,
+   215,
+   27,
+   127,
+   23,
+   255,
+   99,
+   125,
    247,
    155,
    193,
    173,
    191,
...
    117,
+   254,
+   71,
-   174,
    186,
+   245,
+   247,
+   225,
+   187,
+   223,
+   140,
+   23,
+   232,
+   193,
+   175,
+   14,
+   239,
+   253,
+   11,
+   92,
+   245,
-   234,
    191,
+   26,
-   9,
    178,
    109,
    254,
    139,
    189,
...
    254,
+   199,
-   167,
    250,
+   237,
+   47,
+   130,
+   223,
+   254,
+   98,
+   94,
+   160,
+   215,
+   254,
+   100,
+   120,
+   237,
-   234,
-   95,
-   127,
-   18,
-   95,
-   253,
-   235,
    79,
+   225,
-   230,
-   5,
-   249,
-   232,
-   215,
    127,
+   170,
+   7,
+   127,
+   242,
+   47,
+   240,
+   194,
+   220,
-   4,
-   31,
-   253,
    250,
+   197,
+   111,
+   198,
+   255,
+   84,
-   143,
-   228,
    127,
+   118,
-   172,
    207,
+   159,
+   241,
+   190,
+   191,
+   242,
+   190,
+   188,
+   32,
+   47,
+   127,
+   237,
+   203,
+   243,
+   93,
+   111,
+   252,
+   93,
+   252,
+   143,
+   245,
+   221,
+   111,
+   6,
+   183,
+   254,
    62,
+   47,
+   208,
+   123,
+   255,
+   2,
+   60,
-   198,
-   11,
-   245,
-   217,
-   151,
    248,
+   213,
+   249,
    31,
+   233,
-   235,
    214,
    223,
    135,
    239,
    126,
...
    47,
+   112,
+   213,
+   255,
+   106,
+   200,
+   182,
+   249,
+   47,
+   246,
+   254,
+   31,
+   252,
+   225,
+   124,
+   204,
+   71,
+   126,
+   24,
+   47,
+   246,
+   216,
+   199,
+   112,
+   213,
+   127,
+   129,
+   207,
+   62,
+   198,
+   11,
+   245,
+   217,
+   151,
+   248,
+   31,
+   235,
+   183,
+   191,
+   8,
+   126,
+   251,
+   139,
+   121,
+   129,
+   94,
+   251,
+   147,
+   225,
+   181,
-   240,
    63,
+   133,
+   255,
+   169,
+   30,
+   252,
+   201,
+   191,
+   192,
+   11,
+   115,
+   235,
+   23,
+   191,
+   25,
+   255,
+   83,
+   253,
+   217,
+   61,
+   127,
+   198,
+   251,
+   254,
+   202,
+   251,
+   242,
+   130,
+   188,
+   252,
+   181,
+   47,
+   207,
+   119,
+   189,
+   241,
+   119,
+   241,
+   63,
    214,
    119,
    191,
    25,
    220,
...
    231,
+   127,
+   164,
+   91,
+   127,
+   31,
+   190,
+   251,
+   205,
+   120,
+   129,
+   30,
+   252,
+   234,
+   240,
+   222,
+   191,
+   192,
+   85,
+   255,
-   170,
    171,
+   33,
-   254,
-   155,
-   32,
    219,
    230,
    191,
    216,
    251,
...
    127,
+   172,
+   223,
-   170,
-   175,
    254,
+   34,
+   248,
+   237,
+   47,
+   230,
+   5,
+   122,
+   237,
+   79,
+   134,
+   215,
-   245,
-   39,
-   241,
-   213,
-   191,
    254,
+   20,
+   254,
+   167,
+   122,
-   100,
-   94,
-   144,
-   143,
-   126,
-   253,
-   71,
    240,
+   39,
-   209,
-   175,
    255,
+   2,
+   47,
+   204,
+   173,
+   95,
+   252,
+   102,
+   252,
+   79,
+   245,
+   103,
+   247,
+   252,
+   25,
+   239,
+   251,
+   43,
+   239,
+   203,
+   11,
+   242,
+   242,
+   215,
+   190,
+   60,
+   223,
+   245,
+   198,
+   223,
+   197,
-   72,
-   254,
-   199,
-   250,
-   236,
-   99,
-   188,
-   80,
-   159,
-   125,
-   137,
    255,
+   88,
+   223,
+   253,
+   102,
+   112,
+   235,
+   239,
+   243,
+   2,
+   189,
+   247,
+   47,
+   192,
+   131,
+   95,
+   157,
+   255,
+   145,
-   177,
    110,
    253,
    125,
    248,
    238,
...
    2,
+   87,
+   253,
+   175,
+   134,
+   108,
+   155,
    255,
+   98,
+   239,
+   255,
+   193,
+   31,
+   206,
+   199,
+   124,
+   228,
+   135,
+   241,
+   98,
+   143,
+   125,
+   12,
+   87,
+   253,
+   23,
+   248,
+   236,
    99,
+   188,
+   80,
+   159,
    125,
+   137,
+   255,
+   177,
+   126,
+   251,
+   139,
+   224,
+   183,
+   191,
+   152,
+   23,
+   232,
+   181,
+   63,
+   25,
+   94,
+   251,
+   83,
+   248,
+   159,
+   234,
+   193,
+   159,
+   252,
+   11,
+   188,
+   48,
+   183,
+   126,
+   241,
+   155,
+   241,
+   63,
+   213,
+   159,
+   221,
+   243,
+   103,
+   188,
+   239,
+   175,
+   188,
+   47,
+   47,
+   200,
+   203,
+   95,
+   251,
+   242,
+   124,
+   215,
+   27,
+   127,
+   23,
+   255,
+   99,
+   125,
    247,
    155,
    193,
    173,
    191,
...
    117,
+   254,
+   71,
-   174,
    186,
+   245,
+   247,
+   225,
+   187,
+   223,
+   140,
+   23,
+   232,
+   193,
+   175,
+   14,
+   239,
+   253,
+   11,
+   92,
+   245,
-   234,
    191,
+   26,
-   9,
    178,
    109,
    254,
+   139,
+   189,
-   29,
-   158,
-   252,
-   148,
-   167,
-   114,
-   112,
-   112,
-   192,
-   253,
-   174,
-   187,
-   238,
-   58,
-   174,
-   191,
-   238,
-   90,
-   94,
-   152,
-   247,
    255,
+   7,
+   127,
+   56,
+   31,
+   243,
+   145,
+   31,
+   198,
+   139,
+   61,
+   246,
+   49,
+   92,
+   245,
+   95,
    224,
+   179,
+   143,
+   241,
+   66,
+   125,
+   246,
+   37,
+   254,
-   15,
-   231,
-   99,
-   62,
-   242,
-   195,
-   120,
-   177,
    199,
+   250,
+   237,
+   47,
+   130,
+   223,
-   62,
-   134,
-   171,
    254,
+   98,
-   11,
-   124,
-   246,
-   49,
    94,
+   160,
+   215,
+   254,
+   100,
+   120,
+   237,
+   79,
+   225,
+   127,
+   170,
+   7,
+   127,
+   242,
+   47,
+   240,
+   194,
+   220,
+   250,
+   197,
+   111,
+   198,
-   168,
-   207,
-   190,
-   196,
    255,
    84,
-   95,
-   253,
-   235,
-   79,
-   226,
-   171,
    127,
+   118,
+   207,
+   159,
+   241,
+   190,
+   191,
+   242,
+   190,
-   253,
-   201,
    188,
    32,
+   47,
+   127,
+   237,
+   203,
+   243,
+   93,
+   111,
+   252,
+   93,
+   252,
+   143,
+   245,
+   221,
+   111,
+   6,
+   183,
+   254,
+   62,
+   47,
+   208,
+   123,
+   255,
+   2,
+   60,
+   248,
+   213,
+   249,
    31,
+   233,
+   214,
+   223,
+   135,
+   239,
+   126,
+   51,
+   94,
+   160,
+   7,
+   191,
+   58,
+   188,
+   247,
+   47,
+   112,
+   213,
+   255,
+   106,
+   200,
+   182,
+   249,
+   47,
+   246,
+   254,
+   31,
+   252,
+   225,
+   124,
+   204,
+   71,
+   126,
+   24,
+   47,
+   246,
+   216,
+   199,
+   112,
+   213,
+   127,
+   129,
+   207,
+   62,
+   198,
+   11,
+   245,
+   217,
+   151,
+   248,
+   159,
+   234,
+   171,
+   127,
    253,
+   73,
+   124,
+   245,
+   175,
+   63,
+   153,
+   23,
+   228,
-   250,
-   143,
-   224,
    163,
    95,
    255,
+   17,
+   124,
+   244,
+   235,
+   63,
+   146,
+   255,
+   169,
+   30,
-   145,
    252,
+   201,
+   191,
+   192,
+   11,
+   115,
+   235,
+   23,
+   191,
+   25,
-   143,
-   245,
-   217,
-   199,
-   120,
-   161,
-   62,
-   251,
-   18,
    255,
    99,
    221,
    250,
    251,
...
    234,
+   252,
+   143,
+   116,
+   235,
+   239,
+   195,
+   119,
+   191,
+   25,
+   47,
+   208,
+   131,
+   95,
+   29,
+   222,
+   251,
+   23,
+   184,
+   234,
-   92,
-   117,
-   213,
    127,
+   53,
-   19,
    100,
    219,
    252,
+   23,
-   59,
-   188,
-   242,
-   107,
-   188,
-   46,
-   47,
-   251,
-   210,
-   47,
-   197,
-   253,
-   222,
-   236,
-   77,
-   223,
-   152,
-   55,
    123,
-   147,
-   55,
-   226,
-   133,
-   121,
    255,
    15,
    254,
    112,
    62,
...
    255,
+   84,
+   15,
+   254,
+   228,
+   95,
+   224,
+   133,
+   185,
+   245,
+   139,
+   223,
+   140,
+   255,
+   177,
+   110,
+   253,
-   88,
-   159,
    125,
+   248,
+   238,
+   55,
+   227,
+   5,
+   122,
+   240,
+   171,
+   195,
+   123,
+   255,
+   2,
+   255,
+   99,
+   125,
+   247,
+   155,
+   193,
-   140,
-   23,
-   234,
-   179,
-   47,
-   241,
-   63,
-   214,
    173,
    191,
+   207,
+   11,
+   244,
+   222,
+   191,
+   0,
    15,
-   223,
-   253,
-   102,
-   188,
-   64,
-   15,
    126,
    117,
+   254,
+   71,
+   186,
-   120,
-   239,
-   95,
-   224,
-   127,
-   172,
-   239,
-   126,
-   51,
-   184,
    245,
    247,
+   225,
+   187,
+   223,
+   140,
-   121,
-   129,
-   222,
-   251,
    23,
+   232,
-   224,
    193,
    175,
+   14,
+   239,
-   206,
-   85,
-   87,
    253,
+   11,
+   92,
+   245,
-   55,
-   65,
-   182,
-   205,
    191,
+   26,
+   178,
+   109,
+   254,
+   139,
+   189,
-   195,
-   43,
-   191,
-   198,
-   235,
-   242,
-   199,
-   191,
-   247,
-   155,
-   252,
-   107,
-   188,
    255,
    7,
    127,
    56,
    31,
...
    127,
+   170,
+   7,
+   127,
+   242,
+   47,
+   240,
+   194,
+   220,
+   250,
+   197,
+   111,
+   198,
+   255,
+   88,
+   183,
+   254,
-   172,
-   207,
    62,
+   124,
+   247,
+   155,
+   241,
+   2,
+   61,
-   198,
-   11,
-   245,
-   217,
-   151,
    248,
+   213,
+   225,
+   189,
+   127,
+   129,
+   255,
+   177,
+   190,
+   251,
+   205,
+   224,
-   31,
-   235,
    214,
    223,
+   231,
+   5,
+   122,
-   135,
    239,
+   95,
+   128,
-   126,
-   51,
-   94,
-   160,
    7,
    191,
    58,
+   255,
+   35,
+   221,
-   188,
-   247,
-   47,
-   240,
-   63,
-   214,
-   119,
-   191,
-   25,
-   220,
    250,
    251,
+   240,
+   221,
+   111,
+   198,
-   188,
-   64,
-   239,
-   253,
    11,
+   244,
-   240,
    224,
    87,
+   135,
+   247,
-   231,
-   170,
-   171,
    254,
+   5,
+   174,
+   250,
-   155,
-   32,
-   219,
-   230,
-   223,
-   225,
-   245,
-   223,
-   228,
-   45,
-   248,
-   245,
    95,
+   13,
+   217,
+   54,
+   255,
+   197,
-   250,
-   57,
-   254,
-   53,
    222,
    255,
    131,
    63,
    156,
...
    63,
+   213,
+   131,
+   63,
+   249,
+   23,
+   120,
+   97,
+   110,
+   253,
+   226,
+   55,
+   227,
+   127,
+   172,
+   91,
+   127,
-   214,
-   103,
    31,
+   190,
+   251,
+   205,
+   120,
+   129,
+   30,
-   227,
-   133,
-   250,
-   236,
-   75,
    252,
+   234,
+   240,
+   222,
+   191,
+   192,
+   255,
+   88,
+   223,
+   253,
+   102,
+   112,
-   143,
-   117,
    235,
    239,
+   243,
+   2,
+   189,
+   247,
-   195,
-   119,
-   191,
-   25,
    47,
+   192,
-   208,
    131,
    95,
+   157,
+   255,
+   145,
-   29,
-   222,
-   251,
-   23,
-   248,
-   31,
-   235,
-   187,
-   223,
-   12,
    110,
    253,
    125,
+   248,
+   238,
+   55,
+   227,
-   94,
-   160,
-   247,
-   254,
    5,
+   122,
-   120,
    240,
    171,
+   195,
+   123,
-   115,
-   213,
-   85,
    255,
+   2,
+   87,
-   77,
-   144,
-   109,
-   243,
-   111,
-   244,
-   228,
-   167,
-   60,
-   149,
-   15,
    253,
+   175,
+   134,
+   108,
+   155,
+   255,
+   98,
-   200,
-   143,
-   97,
-   107,
-   107,
-   11,
-   128,
-   151,
-   123,
-   153,
-   151,
-   230,
-   163,
-   63,
-   226,
-   195,
-   216,
-   218,
-   218,
-   228,
-   129,
-   254,
-   238,
    239,
    255,
+   193,
+   31,
+   206,
-   129,
-   47,
-   251,
-   202,
-   175,
-   225,
-   126,
-   231,
-   207,
-   95,
-   224,
-   75,
-   191,
-   232,
-   243,
-   120,
-   177,
    199,
+   124,
+   228,
+   135,
+   241,
+   98,
+   143,
-   62,
-   134,
-   171,
-   254,
-   243,
-   237,
    125,
+   12,
+   87,
+   253,
+   23,
+   248,
-   243,
-   27,
-   241,
-   194,
    236,
+   99,
+   188,
+   80,
+   159,
+   125,
+   137,
+   255,
+   169,
+   190,
+   250,
+   215,
+   159,
+   196,
-   124,
-   240,
-   175,
-   240,
-   63,
-   213,
    87,
    255,
    250,
    147,
+   121,
+   65,
+   62,
+   250,
+   245,
+   31,
+   193,
-   248,
-   234,
-   95,
-   127,
-   50,
-   47,
-   200,
    71,
    191,
    254,
    35,
+   249,
+   159,
+   234,
+   193,
+   159,
+   252,
+   11,
+   188,
+   48,
+   183,
+   126,
-   248,
-   232,
-   215,
-   127,
-   36,
-   255,
-   83,
-   237,
-   125,
-   243,
-   27,
    241,
+   155,
+   241,
-   194,
-   236,
-   124,
-   240,
-   175,
-   240,
    63,
    214,
    173,
    191,
    15,
...
    127,
+   172,
+   239,
+   126,
+   51,
+   184,
+   245,
+   247,
+   121,
+   129,
-   170,
-   11,
-   63,
-   241,
-   177,
-   212,
-   179,
-   255,
-   192,
-   11,
-   82,
    222,
+   251,
+   23,
+   224,
+   193,
+   175,
+   206,
-   244,
-   75,
-   216,
-   188,
-   229,
-   165,
-   185,
-   234,
-   170,
    255,
+   72,
+   183,
+   254,
+   62,
+   124,
+   247,
+   155,
+   241,
+   2,
+   61,
-   38,
-   200,
-   182,
-   249,
-   119,
-   56,
-   56,
-   56,
-   100,
-   107,
-   107,
-   147,
-   131,
-   131,
-   67,
-   190,
-   234,
-   107,
-   191,
-   158,
-   123,
-   238,
-   185,
-   151,
-   111,
    248,
+   213,
+   225,
+   189,
+   127,
-   218,
-   175,
-   228,
    129,
+   171,
+   254,
+   87,
+   67,
+   182,
+   205,
+   127,
+   177,
-   142,
-   150,
-   75,
-   238,
-   188,
-   243,
-   46,
-   238,
    247,
+   255,
+   224,
+   15,
+   231,
+   99,
+   62,
+   242,
+   195,
+   120,
+   177,
+   199,
+   62,
+   134,
+   171,
+   254,
+   11,
-   249,
-   95,
-   248,
-   165,
    124,
-   226,
-   199,
-   127,
-   52,
-   47,
    246,
+   49,
+   94,
+   168,
+   207,
-   216,
-   199,
-   112,
-   213,
-   127,
    190,
+   196,
-   7,
-   127,
-   242,
-   47,
-   240,
-   194,
-   220,
-   250,
-   197,
-   111,
-   198,
    255,
    84,
    95,
    253,
    235,
...
    63,
+   214,
+   119,
+   191,
+   25,
+   220,
+   250,
+   251,
+   188,
+   64,
+   239,
+   253,
+   11,
+   240,
+   224,
+   87,
+   231,
+   127,
+   164,
+   91,
+   127,
+   31,
+   190,
+   251,
+   205,
+   120,
+   129,
+   30,
+   252,
+   234,
+   240,
+   222,
+   191,
+   192,
+   85,
+   255,
+   171,
+   33,
+   219,
+   230,
+   191,
+   216,
+   251,
+   127,
+   240,
+   135,
+   243,
+   49,
+   31,
+   249,
+   97,
+   188,
+   216,
+   99,
+   31,
+   195,
+   85,
+   255,
+   5,
+   62,
+   251,
+   24,
+   47,
+   212,
+   103,
+   95,
+   226,
+   127,
+   170,
+   175,
+   254,
+   245,
+   39,
+   241,
    213,
+   191,
+   254,
+   100,
+   94,
+   144,
+   143,
+   126,
+   253,
+   71,
+   240,
+   209,
+   175,
+   255,
+   72,
+   254,
+   167,
+   122,
+   240,
+   39,
+   255,
+   2,
+   47,
+   204,
+   173,
+   95,
+   252,
+   102,
+   252,
+   143,
+   117,
-   59,
-   127,
    235,
+   239,
+   195,
+   119,
+   191,
+   25,
+   47,
+   208,
+   131,
+   95,
+   29,
+   222,
+   251,
+   23,
+   248,
    31,
+   235,
+   187,
+   223,
+   12,
+   110,
+   253,
+   125,
+   94,
+   160,
+   247,
+   254,
+   5,
+   120,
+   240,
+   171,
+   243,
+   63,
+   210,
+   173,
+   191,
+   15,
+   223,
+   253,
+   102,
+   188,
+   64,
+   15,
+   126,
+   117,
+   120,
+   239,
+   95,
+   224,
+   170,
+   255,
+   213,
+   144,
+   109,
+   243,
+   95,
+   236,
+   253,
+   63,
+   248,
+   195,
+   249,
+   152,
+   143,
+   252,
+   48,
+   94,
+   236,
+   177,
+   143,
+   225,
+   170,
+   255,
+   2,
+   159,
+   125,
+   140,
+   23,
+   234,
+   179,
+   47,
    241,
+   63,
+   213,
+   87,
+   255,
+   250,
+   147,
+   248,
+   234,
+   95,
+   127,
+   50,
+   47,
+   200,
+   71,
+   191,
+   254,
+   35,
+   248,
+   232,
+   215,
+   127,
+   36,
+   255,
+   83,
+   61,
+   248,
+   147,
+   127,
+   129,
+   23,
+   230,
+   214,
+   47,
+   126,
+   51,
+   254,
    199,
+   186,
+   245,
+   247,
+   225,
-   79,
    187,
+   223,
+   140,
+   23,
+   232,
+   193,
+   175,
+   14,
+   239,
+   253,
+   11,
+   252,
+   143,
+   245,
+   221,
+   111,
+   6,
+   183,
+   254,
+   62,
+   47,
+   208,
+   123,
+   255,
+   2,
+   60,
+   248,
+   213,
+   249,
+   31,
+   233,
+   214,
+   223,
+   135,
+   239,
+   126,
+   51,
+   94,
+   160,
+   7,
+   191,
+   58,
+   188,
+   247,
+   47,
+   112,
+   213,
+   255,
+   106,
+   200,
+   182,
+   249,
+   47,
+   246,
+   254,
+   31,
+   252,
+   225,
+   124,
+   204,
+   71,
+   126,
+   24,
+   47,
+   246,
+   216,
+   199,
+   112,
+   213,
+   127,
+   129,
+   207,
+   62,
+   198,
+   11,
+   245,
+   217,
+   151,
+   248,
+   159,
+   234,
+   171,
+   127,
+   253,
+   73,
+   124,
+   245,
+   175,
+   63,
+   153,
+   23,
+   228,
+   163,
+   95,
+   255,
+   17,
+   124,
+   244,
+   235,
+   63,
+   146,
+   255,
+   169,
+   30,
+   252,
+   201,
+   191,
    192,
    11,
+   115,
+   235,
+   23,
+   191,
+   25,
+   255,
+   99,
+   221,
+   250,
+   251,
+   240,
+   221,
+   111,
+   198,
+   11,
+   244,
+   224,
+   87,
+   135,
+   247,
+   254,
+   5,
+   254,
+   199,
+   250,
+   238,
+   55,
+   131,
+   91,
+   127,
+   159,
+   23,
+   232,
+   189,
+   127,
+   1,
+   30,
+   252,
+   234,
+   252,
+   143,
+   116,
+   235,
+   239,
-   242,
    195,
+   119,
+   191,
+   25,
+   47,
+   208,
+   131,
+   95,
+   29,
+   222,
+   251,
+   23,
+   184,
+   234,
+   127,
+   53,
+   100,
+   219,
+   252,
+   23,
+   123,
+   255,
+   15,
+   254,
+   112,
+   62,
+   230,
+   35,
+   63,
+   140,
+   23,
+   123,
+   236,
+   99,
+   184,
+   234,
+   63,
+   223,
+   159,
+   124,
+   215,
+   39,
+   240,
+   194,
-   31,
-   248,
-   202,
    188,
+   210,
+   251,
+   124,
+   25,
+   255,
+   83,
+   125,
+   245,
+   175,
+   63,
+   137,
+   175,
+   254,
+   245,
+   39,
+   243,
+   130,
+   124,
+   244,
+   235,
+   63,
+   130,
+   143,
+   126,
+   253,
+   71,
    242,
+   63,
-   67,
-   79,
-   113,
    213,
+   131,
+   63,
+   249,
+   23,
+   120,
+   97,
+   110,
+   253,
+   226,
+   55,
+   227,
+   127,
+   172,
+   91,
+   127,
+   31,
+   190,
+   251,
+   205,
+   120,
+   129,
+   30,
+   252,
+   234,
+   240,
+   222,
+   191,
+   192,
+   255,
+   84,
+   127,
+   254,
+   211,
+   223,
+   64,
+   187,
+   120,
+   43,
+   47,
+   200,
+   131,
+   94,
+   247,
+   3,
+   184,
+   238,
+   65,
+   143,
+   228,
+   127,
+   164,
+   91,
+   127,
+   31,
+   190,
+   251,
+   205,
+   120,
+   129,
+   30,
+   252,
+   234,
+   240,
+   222,
+   191,
+   192,
    85,
    255,
+   171,
+   33,
+   219,
+   230,
+   191,
+   216,
+   251,
+   127,
+   240,
+   135,
-   77,
-   144,
-   109,
    243,
+   49,
    31,
+   249,
+   97,
+   188,
+   216,
+   99,
+   31,
+   195,
+   85,
+   255,
+   249,
+   30,
+   252,
+   201,
+   191,
+   192,
+   11,
+   115,
+   235,
+   23,
+   191,
+   25,
+   255,
+   83,
+   125,
+   245,
+   175,
+   63,
+   137,
+   175,
+   254,
+   245,
+   39,
+   243,
+   130,
+   124,
+   244,
+   235,
+   63,
+   130,
+   143,
+   126,
+   253,
+   71,
+   242,
+   63,
+   213,
+   131,
+   63,
+   249,
+   23,
+   120,
+   97,
+   110,
+   253,
+   226,
+   55,
+   227,
+   127,
+   172,
+   91,
+   127,
+   31,
+   190,
+   251,
+   205,
+   120,
+   129,
+   30,
+   252,
+   234,
+   240,
+   222,
+   191,
+   192,
+   255,
+   84,
+   239,
+   252,
+   173,
+   127,
+   196,
+   31,
+   63,
+   237,
+   2,
+   47,
+   200,
+   15,
+   127,
-   228,
    224,
+   43,
+   243,
+   202,
+   15,
+   61,
+   197,
+   255,
+   72,
+   183,
+   254,
+   62,
+   124,
+   247,
+   155,
+   241,
+   2,
+   61,
+   248,
+   213,
+   225,
+   189,
+   127,
+   129,
+   171,
+   254,
+   87,
+   67,
+   182,
+   205,
+   127,
+   177,
+   247,
+   255,
    224,
+   15,
+   231,
+   99,
+   62,
+   242,
+   195,
+   120,
+   177,
+   199,
+   62,
+   134,
+   171,
+   254,
+   243,
+   61,
+   248,
+   147,
+   127,
+   129,
+   23,
+   230,
+   214,
+   47,
+   126,
+   51,
+   254,
+   167,
+   250,
+   234,
+   95,
+   127,
+   18,
+   95,
+   253,
+   235,
+   79,
+   230,
+   5,
+   249,
+   232,
-   144,
    215,
    127,
+   4,
+   31,
+   253,
+   250,
-   147,
-   183,
-   224,
    143,
+   228,
    127,
+   170,
+   7,
+   127,
+   242,
+   47,
+   240,
+   194,
+   220,
+   250,
+   197,
+   111,
+   198,
+   255,
+   88,
+   183,
+   254,
+   62,
+   124,
+   247,
+   155,
+   241,
+   2,
+   61,
+   248,
+   213,
+   225,
+   189,
+   127,
+   129,
+   255,
+   169,
+   222,
+   249,
+   91,
+   255,
+   136,
+   63,
+   126,
+   218,
+   5,
+   94,
+   144,
+   31,
+   254,
+   192,
+   87,
+   230,
+   149,
+   31,
+   122,
+   138,
+   255,
+   145,
+   110,
+   253,
+   125,
+   248,
+   238,
+   55,
+   227,
+   5,
+   122,
+   240,
+   171,
+   195,
+   123,
+   255,
+   2,
+   87,
+   253,
+   175,
+   134,
+   108,
+   155,
+   255,
+   98,
    239,
+   255,
+   193,
+   31,
+   206,
+   199,
+   124,
+   228,
+   135,
+   241,
+   98,
+   143,
+   125,
+   12,
+   87,
+   253,
+   231,
+   123,
+   240,
+   39,
+   255,
+   2,
+   47,
+   204,
+   173,
+   95,
+   252,
+   102,
+   252,
+   79,
+   245,
+   213,
+   191,
+   254,
+   36,
+   190,
+   250,
+   215,
+   159,
+   204,
+   11,
+   242,
+   209,
+   175,
+   255,
+   8,
+   62,
+   250,
+   245,
+   31,
+   201,
+   255,
+   84,
+   15,
+   254,
+   228,
+   95,
+   224,
+   133,
+   185,
+   245,
+   139,
+   223,
+   140,
+   255,
+   177,
+   110,
+   253,
+   125,
+   248,
+   238,
    55,
+   227,
+   5,
+   122,
+   240,
+   171,
+   195,
+   123,
+   255,
+   2,
+   255,
+   83,
+   189,
+   243,
+   183,
+   254,
+   17,
+   127,
+   252,
+   180,
+   11,
+   188,
+   32,
+   63,
+   252,
+   129,
+   175,
+   204,
+   43,
+   63,
+   244,
+   20,
+   255,
+   35,
+   221,
+   250,
+   251,
+   240,
+   221,
+   111,
+   198,
+   11,
+   244,
+   224,
+   87,
+   135,
+   247,
+   254,
+   5,
+   174,
+   250,
+   95,
+   13,
+   217,
+   54,
+   255,
+   197,
-   121,
-   97,
    222,
    255,
    131,
    63,
    156,
...
    41,
+   254,
+   71,
-   174,
    186,
+   245,
+   247,
+   225,
+   187,
+   223,
+   140,
+   23,
+   232,
+   193,
+   175,
+   14,
+   239,
+   253,
+   11,
+   92,
+   245,
-   234,
    191,
+   26,
-   9,
    178,
    109,
    254,
+   139,
+   189,
-   131,
-   252,
-   229,
-   95,
-   253,
-   13,
-   159,
-   247,
-   133,
-   95,
-   204,
-   79,
-   253,
-   216,
-   15,
-   241,
-   194,
-   188,
    255,
    7,
    127,
    56,
    31,
...
    83,
-   92,
-   117,
-   213,
-   127,
-   19,
-   100,
-   219,
    252,
-   27,
-   253,
-   200,
    143,
+   116,
-   253,
-   4,
-   79,
-   126,
-   202,
-   83,
-   185,
-   254,
-   186,
    235,
+   239,
-   216,
-   63,
-   56,
-   224,
-   23,
-   126,
-   233,
-   151,
-   249,
-   140,
-   79,
-   249,
-   36,
-   94,
-   243,
-   53,
-   94,
-   141,
-   23,
-   230,
-   253,
-   63,
-   248,
    195,
+   119,
+   191,
+   25,
+   47,
+   208,
+   131,
-   249,
-   152,
-   143,
-   252,
-   48,
-   94,
-   236,
-   177,
-   143,
-   225,
-   170,
-   255,
-   124,
-   15,
-   254,
-   228,
    95,
+   29,
+   222,
+   251,
+   23,
+   184,
-   224,
-   133,
-   185,
-   245,
-   139,
-   223,
-   140,
-   255,
-   169,
-   190,
-   250,
-   215,
-   159,
-   196,
-   87,
-   255,
-   250,
-   147,
-   121,
-   65,
-   62,
-   250,
-   245,
-   31,
-   193,
-   71,
-   191,
-   254,
-   35,
-   249,
-   159,
    234,
+   127,
+   53,
+   100,
+   219,
-   193,
-   159,
    252,
-   11,
-   188,
-   48,
-   183,
-   126,
-   241,
-   155,
-   241,
-   63,
-   214,
-   173,
-   191,
-   15,
-   223,
-   253,
-   102,
-   188,
-   64,
-   15,
-   126,
-   117,
-   120,
-   239,
-   95,
-   224,
-   127,
-   170,
-   119,
-   254,
-   214,
-   63,
-   226,
-   143,
-   159,
-   118,
-   129,
    23,
+   123,
-   228,
-   135,
-   63,
-   240,
-   149,
-   121,
-   229,
-   135,
-   158,
-   226,
-   170,
-   171,
-   254,
-   155,
-   32,
-   219,
-   230,
-   223,
-   225,
-   119,
-   127,
-   239,
-   15,
-   120,
-   210,
-   147,
-   159,
-   194,
-   245,
-   215,
-   95,
-   199,
-   203,
-   190,
-   204,
-   75,
-   115,
-   253,
-   117,
-   215,
-   242,
-   47,
-   121,
    255,
    15,
    254,
    112,
    62,
...
    167,
+   248,
+   31,
+   233,
+   214,
+   223,
+   135,
+   239,
+   126,
+   51,
+   94,
+   160,
+   7,
+   191,
+   58,
+   188,
+   247,
+   47,
+   112,
+   213,
-   184,
-   234,
-   170,
    255,
+   106,
-   38,
    200,
    182,
    249,
    47,
    246,
...
    79,
+   241,
+   63,
+   210,
+   173,
+   191,
+   15,
+   223,
+   253,
+   102,
+   188,
+   64,
+   15,
+   126,
+   117,
+   120,
+   239,
+   95,
+   224,
+   170,
+   255,
-   113,
    213,
-   85,
-   255,
-   77,
    144,
    109,
    243,
    95,
    236,
...
    226,
+   127,
+   164,
+   91,
+   127,
+   31,
+   190,
+   251,
+   205,
+   120,
+   129,
+   30,
+   252,
+   234,
+   240,
+   222,
+   191,
+   192,
+   85,
+   255,
-   170,
    171,
+   33,
-   254,
-   155,
-   32,
    219,
    230,
    191,
    216,
    251,
...
    197,
+   255,
+   72,
+   183,
+   254,
+   62,
+   124,
+   247,
+   155,
+   241,
+   2,
+   61,
+   248,
+   213,
+   225,
+   189,
+   127,
+   129,
+   171,
+   254,
-   85,
    87,
+   67,
-   253,
-   55,
-   65,
    182,
    205,
    127,
    177,
    247,
...
    255,
+   84,
+   79,
-   88,
-   183,
-   254,
-   62,
    124,
+   198,
+   29,
+   252,
+   232,
+   207,
-   247,
-   155,
-   241,
-   2,
-   61,
-   248,
-   213,
-   225,
-   189,
-   127,
-   129,
-   255,
-   169,
-   222,
-   249,
-   91,
-   255,
-   136,
-   63,
-   126,
-   218,
-   5,
-   94,
-   144,
-   31,
-   254,
-   192,
-   87,
-   230,
-   149,
-   31,
-   122,
-   138,
-   171,
-   174,
-   250,
-   111,
-   130,
-   108,
-   155,
-   255,
-   98,
-   239,
-   255,
-   193,
-   31,
-   206,
-   199,
-   124,
-   228,
-   135,
-   241,
-   98,
-   143,
-   125,
-   12,
-   87,
    253,
+   34,
-   231,
-   123,
-   240,
-   39,
-   255,
-   2,
    47,
+   200,
+   181,
+   103,
+   174,
+   229,
+   3,
+   223,
+   233,
-   204,
    173,
-   95,
-   252,
-   102,
-   252,
-   79,
-   245,
-   213,
-   191,
-   254,
-   36,
-   190,
-   250,
-   215,
-   159,
-   204,
-   11,
-   242,
-   209,
-   175,
-   255,
-   8,
-   62,
-   250,
-   245,
-   31,
-   201,
-   255,
-   84,
-   111,
-   251,
-   35,
-   159,
-   196,
-   11,
-   243,
-   147,
-   239,
-   244,
-   37,
-   252,
-   143,
-   117,
-   235,
-   239,
-   195,
-   119,
-   191,
-   25,
-   47,
-   208,
-   131,
-   95,
-   29,
-   222,
-   251,
-   23,
    248,
    159,
    234,
    157,
    191,
...
    248,
+   31,
+   233,
+   214,
+   223,
+   135,
-   159,
-   232,
-   113,
-   119,
    239,
+   126,
+   51,
-   241,
-   121,
-   63,
-   247,
-   56,
    94,
+   160,
+   7,
-   144,
-   199,
-   92,
    191,
+   58,
+   188,
+   247,
+   47,
-   195,
-   103,
-   190,
-   197,
-   99,
-   185,
-   234,
-   127,
-   53,
-   100,
-   219,
-   252,
-   23,
-   123,
-   255,
-   15,
-   254,
    112,
-   62,
-   230,
-   35,
-   63,
-   140,
-   23,
-   123,
-   236,
-   99,
-   184,
-   234,
-   63,
-   223,
-   131,
-   63,
-   249,
-   23,
-   120,
-   97,
-   110,
-   253,
-   226,
-   55,
-   227,
-   127,
-   170,
-   175,
-   254,
-   245,
-   39,
-   241,
    213,
-   191,
-   254,
-   100,
-   94,
-   144,
-   143,
-   126,
-   253,
-   71,
-   240,
-   209,
-   175,
    255,
+   106,
+   200,
+   182,
+   249,
+   47,
+   246,
-   72,
    254,
-   167,
-   122,
-   137,
-   239,
-   121,
-   9,
-   94,
-   152,
-   191,
-   123,
-   175,
-   191,
-   227,
-   127,
-   172,
-   91,
-   127,
    31,
-   190,
-   251,
-   205,
-   120,
-   129,
-   30,
    252,
+   225,
+   124,
+   204,
+   71,
+   126,
+   24,
-   234,
-   240,
-   222,
-   191,
-   192,
-   255,
-   84,
-   239,
-   252,
-   173,
-   127,
-   196,
-   31,
-   63,
-   237,
-   2,
    47,
+   246,
+   216,
+   199,
+   112,
+   213,
-   200,
-   15,
    127,
+   190,
+   7,
-   224,
-   43,
-   243,
-   202,
-   15,
-   61,
-   197,
-   255,
-   68,
    127,
+   242,
-   252,
-   180,
-   243,
-   188,
-   243,
-   183,
-   254,
-   49,
    47,
+   240,
-   200,
-   43,
-   63,
-   244,
-   36,
-   63,
-   252,
-   129,
-   175,
    194,
+   220,
+   250,
+   197,
+   111,
+   198,
-   85,
    255,
+   84,
+   95,
+   253,
+   235,
+   79,
+   226,
    171,
-   33,
-   219,
-   230,
-   191,
-   216,
-   251,
    127,
+   253,
+   201,
-   240,
-   135,
-   243,
-   49,
-   31,
-   249,
-   97,
    188,
+   32,
-   216,
-   99,
    31,
-   195,
-   85,
-   255,
-   249,
-   30,
-   252,
-   201,
-   191,
-   192,
-   11,
-   115,
-   235,
-   23,
-   191,
-   25,
-   255,
-   83,
-   125,
-   245,
-   175,
-   63,
-   137,
-   175,
-   254,
-   245,
-   39,
-   243,
-   130,
-   124,
-   244,
-   235,
-   63,
-   130,
-   143,
-   126,
    253,
-   71,
-   242,
-   63,
-   213,
-   75,
-   124,
-   207,
-   75,
-   240,
-   194,
-   252,
-   221,
-   123,
-   253,
-   29,
-   255,
-   99,
-   221,
    250,
+   143,
-   251,
-   240,
-   221,
-   111,
-   198,
-   11,
-   244,
    224,
+   163,
-   87,
-   135,
-   247,
-   254,
-   5,
-   254,
-   167,
-   122,
-   231,
-   111,
-   253,
-   35,
-   254,
-   248,
-   105,
-   23,
-   120,
-   65,
-   126,
-   248,
-   3,
    95,
+   255,
+   145,
+   252,
+   79,
-   153,
-   87,
-   126,
-   232,
-   41,
-   254,
-   39,
-   250,
-   227,
-   167,
-   157,
-   231,
-   157,
-   191,
    245,
-   143,
-   121,
-   65,
-   94,
-   249,
-   161,
-   39,
-   249,
-   225,
-   15,
-   124,
-   21,
-   174,
-   250,
-   95,
-   13,
-   217,
-   54,
-   255,
-   197,
-   222,
-   255,
-   131,
-   63,
-   156,
-   143,
-   249,
-   200,
-   15,
-   227,
-   197,
-   30,
-   251,
-   24,
-   174,
-   250,
-   207,
-   247,
    224,
    79,
    254,
    5,
    94,
...
    234,
+   143,
+   159,
+   118,
+   158,
+   119,
+   254,
+   214,
-   171,
-   127,
-   253,
-   73,
-   124,
-   245,
-   175,
    63,
+   230,
+   5,
+   121,
+   229,
+   135,
+   158,
-   153,
-   23,
    228,
+   135,
+   63,
+   240,
+   85,
+   248,
+   159,
+   234,
+   157,
+   191,
+   245,
+   143,
+   248,
+   227,
+   167,
+   93,
+   224,
+   5,
+   249,
+   225,
+   15,
-   163,
-   95,
-   255,
-   17,
    124,
+   101,
-   244,
-   235,
-   63,
-   146,
-   255,
-   169,
    94,
+   249,
+   161,
+   167,
-   226,
-   123,
-   94,
-   130,
-   23,
-   230,
-   239,
-   222,
-   235,
-   239,
    248,
    31,
+   233,
-   235,
    214,
    223,
    135,
    239,
    126,
...
    47,
-   240,
-   63,
-   213,
-   59,
-   127,
-   235,
-   31,
-   241,
-   199,
-   79,
-   187,
-   192,
-   11,
-   242,
-   195,
-   31,
-   248,
-   202,
-   188,
-   242,
-   67,
-   79,
-   241,
-   63,
-   209,
-   31,
-   63,
-   237,
-   60,
-   239,
-   252,
-   173,
-   127,
-   204,
-   11,
-   242,
-   202,
-   15,
-   61,
-   201,
-   15,
-   127,
-   224,
-   171,
    112,
    213,
    255,
    106,
    200,
...
    245,
+   224,
+   79,
-   18,
-   223,
-   243,
-   18,
-   188,
-   48,
-   127,
-   247,
-   94,
-   127,
-   199,
-   255,
-   88,
-   183,
    254,
-   62,
-   124,
-   247,
-   155,
-   241,
-   2,
-   61,
-   248,
-   213,
-   225,
-   189,
-   127,
-   129,
-   255,
-   169,
-   222,
-   249,
-   91,
-   255,
-   136,
-   63,
-   126,
-   218,
    5,
    94,
+   152,
+   91,
+   191,
-   144,
-   31,
-   254,
-   192,
-   87,
-   230,
-   149,
-   31,
-   122,
-   138,
-   255,
-   137,
-   254,
    248,
+   205,
-   105,
-   231,
-   121,
-   231,
-   111,
-   253,
-   99,
-   94,
-   144,
-   87,
-   126,
-   232,
-   73,
-   126,
    248,
+   159,
+   234,
+   143,
+   159,
+   118,
+   158,
+   119,
-   3,
-   95,
-   133,
-   171,
    254,
-   87,
-   67,
-   182,
-   205,
-   127,
-   177,
-   247,
-   255,
-   224,
-   15,
-   231,
-   99,
-   62,
-   242,
-   195,
-   120,
-   177,
-   199,
-   62,
-   134,
-   171,
-   254,
-   243,
-   61,
-   248,
-   147,
-   127,
-   129,
-   23,
-   230,
    214,
+   63,
-   47,
-   126,
-   51,
-   254,
-   167,
-   250,
-   234,
-   95,
-   127,
-   18,
-   95,
-   253,
-   235,
-   79,
    230,
    5,
+   121,
+   229,
+   135,
+   158,
-   249,
-   232,
-   215,
-   127,
-   4,
-   31,
-   253,
-   250,
-   143,
    228,
+   135,
+   63,
+   240,
+   85,
-   127,
-   170,
-   151,
    248,
+   159,
+   234,
+   157,
+   191,
+   245,
+   143,
+   248,
+   227,
+   167,
+   93,
-   158,
-   151,
    224,
+   5,
-   133,
    249,
-   187,
-   247,
-   250,
-   59,
-   254,
-   199,
-   186,
-   245,
-   247,
    225,
+   15,
+   124,
+   101,
+   94,
+   249,
+   161,
+   167,
+   248,
+   31,
+   233,
+   214,
-   187,
    223,
+   135,
-   140,
-   23,
-   232,
-   193,
-   175,
-   14,
    239,
+   126,
+   51,
+   94,
+   160,
-   253,
-   11,
-   252,
-   79,
-   245,
-   206,
-   223,
-   250,
-   71,
-   252,
-   241,
-   211,
-   46,
-   240,
-   130,
-   252,
-   240,
    7,
-   190,
-   50,
-   175,
-   252,
-   208,
-   83,
-   252,
-   79,
-   244,
-   199,
-   79,
-   59,
-   207,
-   59,
-   127,
-   235,
-   31,
-   243,
-   130,
-   188,
-   242,
-   67,
-   79,
-   242,
-   195,
-   31,
-   248,
-   42,
-   92,
-   245,
    191,
+   58,
-   26,
-   178,
-   109,
-   254,
-   139,
-   189,
-   255,
-   7,
-   127,
-   56,
-   31,
-   243,
-   145,
-   31,
-   198,
-   139,
-   61,
-   246,
-   49,
-   92,
-   245,
-   159,
-   239,
-   193,
-   159,
-   252,
-   11,
    188,
+   247,
+   47,
+   112,
-   48,
-   183,
-   126,
-   241,
-   155,
-   241,
-   63,
    213,
-   87,
    255,
+   106,
-   250,
-   147,
-   248,
-   234,
-   95,
-   127,
-   50,
-   47,
    200,
+   182,
+   249,
-   71,
-   191,
-   254,
-   35,
-   248,
-   232,
-   215,
-   127,
-   36,
-   255,
-   83,
-   189,
-   196,
-   247,
-   188,
-   4,
    47,
+   246,
-   204,
-   223,
-   189,
-   215,
-   223,
-   241,
-   63,
-   214,
-   173,
-   191,
-   15,
-   223,
-   253,
-   102,
-   188,
-   64,
-   15,
-   126,
-   117,
-   120,
-   239,
-   95,
-   224,
-   127,
-   170,
-   119,
    254,
-   214,
-   63,
-   226,
-   143,
-   159,
-   118,
-   129,
-   23,
-   228,
-   135,
-   63,
-   240,
-   149,
-   121,
-   229,
-   135,
-   158,
-   226,
-   127,
-   162,
-   63,
-   126,
-   218,
-   121,
-   222,
-   249,
-   91,
-   255,
-   152,
-   23,
-   228,
-   149,
    31,
-   122,
-   146,
-   31,
-   254,
-   192,
-   87,
-   225,
-   170,
-   255,
-   213,
-   144,
-   109,
-   243,
-   95,
-   236,
-   253,
-   63,
-   248,
-   195,
-   249,
-   152,
-   143,
    252,
-   48,
-   94,
-   236,
-   177,
-   143,
    225,
-   170,
-   255,
    124,
+   204,
+   71,
+   126,
+   24,
+   47,
+   246,
+   216,
+   199,
+   112,
+   213,
+   127,
-   15,
-   254,
-   228,
-   95,
-   224,
-   133,
-   185,
-   245,
-   139,
-   223,
-   140,
-   255,
-   169,
    190,
+   7,
+   127,
+   242,
+   47,
+   240,
+   194,
+   220,
    250,
+   197,
+   111,
+   198,
-   215,
-   159,
-   196,
-   87,
    255,
+   84,
+   95,
-   250,
-   147,
-   121,
-   65,
-   62,
-   250,
-   245,
-   31,
-   193,
-   71,
-   191,
-   254,
-   35,
-   249,
-   159,
-   234,
-   37,
-   190,
-   231,
-   37,
-   120,
-   97,
-   254,
-   238,
-   189,
-   254,
-   142,
-   255,
-   177,
-   110,
    253,
+   235,
+   79,
+   226,
-   125,
-   248,
-   238,
-   55,
-   227,
-   5,
-   122,
-   240,
    171,
-   195,
-   123,
-   255,
-   2,
-   255,
-   83,
-   189,
-   243,
-   183,
-   254,
-   17,
    127,
+   253,
+   201,
-   252,
-   180,
-   11,
    188,
    32,
+   31,
-   63,
-   252,
-   129,
-   175,
-   204,
-   43,
-   63,
-   244,
-   20,
-   255,
-   19,
    253,
-   241,
-   211,
-   206,
-   243,
-   206,
-   223,
    250,
-   199,
-   188,
-   32,
-   175,
-   252,
-   208,
-   147,
-   252,
-   240,
-   7,
-   190,
-   10,
-   87,
-   253,
-   175,
-   134,
-   108,
-   155,
-   255,
-   98,
-   239,
-   255,
-   193,
-   31,
-   206,
-   199,
-   124,
-   228,
-   135,
-   241,
-   98,
    143,
+   224,
+   163,
+   95,
-   125,
-   12,
-   87,
-   253,
-   231,
-   123,
-   240,
-   39,
    255,
+   145,
-   2,
-   47,
-   204,
-   173,
-   95,
    252,
-   102,
-   252,
    79,
    245,
+   224,
+   79,
+   254,
+   5,
+   94,
+   152,
+   91,
-   213,
    191,
+   248,
+   205,
+   248,
-   254,
-   36,
-   190,
-   250,
-   215,
    159,
+   234,
-   204,
-   11,
-   242,
-   209,
-   175,
-   255,
-   8,
-   62,
-   250,
-   245,
-   31,
-   201,
-   255,
-   84,
-   47,
-   241,
-   61,
-   47,
-   193,
-   11,
-   243,
-   119,
-   239,
-   245,
-   119,
-   252,
    143,
+   159,
+   118,
+   158,
-   117,
-   235,
-   239,
-   195,
    119,
+   254,
+   214,
+   63,
+   230,
+   5,
+   121,
+   229,
+   135,
+   158,
+   228,
+   135,
+   63,
+   240,
+   85,
-   191,
-   25,
-   47,
-   208,
-   131,
-   95,
-   29,
-   222,
-   251,
-   23,
    248,
    159,
    234,
    157,
    191,
...
    248,
+   31,
+   233,
-   159,
-   232,
-   143,
-   159,
-   118,
-   158,
-   119,
-   254,
    214,
+   223,
-   63,
-   230,
-   5,
-   121,
-   229,
    135,
+   239,
-   158,
-   228,
-   135,
-   63,
-   240,
-   85,
-   184,
-   234,
-   127,
-   53,
-   100,
-   219,
-   252,
-   23,
-   123,
-   255,
-   15,
-   254,
-   112,
-   62,
-   230,
-   35,
-   63,
-   140,
-   23,
-   123,
-   236,
-   99,
-   184,
-   234,
-   63,
-   223,
-   131,
-   63,
-   249,
-   23,
-   120,
-   97,
-   110,
-   253,
-   226,
-   55,
-   227,
-   127,
-   170,
-   175,
-   254,
-   245,
-   39,
-   241,
-   213,
-   191,
-   254,
-   100,
-   94,
-   144,
-   143,
    126,
+   51,
-   253,
-   71,
-   240,
-   209,
-   175,
-   255,
-   72,
-   254,
-   167,
-   122,
-   137,
-   239,
-   121,
-   9,
    94,
+   160,
+   7,
-   152,
    191,
+   58,
-   123,
-   175,
-   191,
-   227,
-   127,
-   172,
-   91,
-   127,
-   31,
-   190,
-   251,
-   205,
-   120,
-   129,
-   30,
-   252,
-   234,
-   240,
-   222,
-   191,
-   192,
-   255,
-   84,
-   239,
-   252,
-   173,
-   127,
-   196,
-   31,
-   63,
-   237,
-   2,
-   47,
-   200,
-   15,
-   127,
-   224,
-   43,
-   243,
-   202,
-   15,
-   61,
-   197,
-   255,
-   68,
-   127,
-   252,
-   180,
-   243,
    188,
-   243,
-   183,
-   254,
-   49,
-   47,
-   200,
-   43,
-   63,
-   244,
-   36,
-   63,
-   252,
-   129,
-   175,
-   194,
-   85,
-   255,
-   171,
-   33,
-   219,
-   230,
-   191,
-   216,
-   251,
-   127,
-   240,
-   135,
-   243,
-   49,
-   31,
-   249,
-   97,
-   188,
-   216,
-   99,
-   31,
-   195,
-   85,
-   255,
-   249,
-   30,
-   252,
-   201,
-   191,
-   192,
-   11,
-   115,
-   235,
-   23,
-   191,
-   25,
-   255,
-   83,
-   125,
-   227,
-   95,
-   127,
-   35,
-   223,
-   244,
-   55,
-   223,
-   196,
-   11,
-   242,
-   33,
-   47,
-   245,
-   33,
-   124,
-   232,
-   75,
-   127,
-   40,
-   255,
-   83,
-   189,
-   196,
    247,
-   188,
-   4,
    47,
-   204,
-   223,
-   189,
-   215,
-   223,
-   241,
-   63,
-   213,
-   31,
-   63,
-   237,
-   60,
-   239,
-   252,
-   173,
-   127,
-   204,
-   11,
-   242,
-   202,
-   15,
-   61,
-   201,
-   15,
-   127,
-   224,
-   171,
-   240,
-   63,
-   213,
-   59,
-   127,
-   235,
-   31,
-   241,
-   199,
-   79,
-   187,
-   192,
-   11,
-   242,
-   195,
-   31,
-   248,
-   202,
-   188,
-   242,
-   67,
-   79,
-   241,
-   63,
-   209,
-   31,
-   63,
-   237,
-   60,
-   239,
-   252,
-   173,
-   127,
-   204,
-   11,
-   242,
-   202,
-   15,
-   61,
-   201,
-   15,
-   127,
-   224,
-   171,
    112,
    213,
    255,
    106,
    200,
...
    84,
+   95,
-   223,
-   248,
-   215,
-   223,
-   200,
-   55,
    253,
+   235,
-   205,
-   55,
-   241,
-   130,
-   124,
-   200,
-   75,
-   125,
-   8,
-   31,
-   250,
-   210,
-   31,
-   202,
-   255,
-   84,
-   47,
-   241,
-   61,
-   47,
-   193,
-   11,
-   243,
-   119,
-   239,
-   245,
-   119,
-   252,
    79,
+   226,
+   171,
-   245,
-   199,
-   79,
-   59,
-   207,
-   59,
    127,
+   253,
+   201,
-   235,
-   31,
-   243,
-   130,
    188,
+   32,
-   242,
-   67,
-   79,
-   242,
-   195,
    31,
+   253,
+   250,
+   143,
+   224,
+   163,
+   95,
+   255,
+   145,
-   248,
-   42,
    252,
    79,
    245,
+   224,
-   206,
-   223,
-   250,
-   71,
-   252,
-   241,
-   211,
-   46,
-   240,
-   130,
-   252,
-   240,
-   7,
-   190,
-   50,
-   175,
-   252,
-   208,
-   83,
-   252,
    79,
+   254,
+   5,
+   94,
+   152,
+   91,
+   191,
-   244,
-   199,
-   79,
-   59,
-   207,
-   59,
-   127,
-   235,
-   31,
-   243,
-   130,
-   188,
-   242,
-   67,
-   79,
-   242,
-   195,
-   31,
    248,
+   205,
+   248,
-   42,
-   92,
-   245,
-   191,
-   26,
-   178,
-   109,
-   254,
-   139,
-   189,
-   255,
-   7,
-   127,
-   56,
-   31,
-   243,
-   145,
-   31,
-   198,
-   139,
-   61,
-   246,
-   49,
-   92,
-   245,
    159,
+   234,
+   143,
-   239,
-   193,
    159,
+   118,
+   158,
+   119,
+   254,
+   214,
-   252,
-   11,
-   188,
-   48,
-   183,
-   126,
-   241,
-   155,
-   241,
    63,
+   230,
+   5,
+   121,
+   229,
-   213,
-   55,
-   254,
-   245,
-   55,
-   242,
-   77,
-   127,
-   243,
-   77,
-   188,
-   32,
-   31,
-   242,
-   82,
-   31,
-   194,
    135,
+   158,
+   228,
-   190,
-   244,
    135,
-   242,
    63,
-   213,
-   75,
-   124,
-   207,
-   75,
    240,
+   85,
+   248,
+   159,
+   234,
+   157,
+   191,
+   245,
-   194,
-   252,
-   221,
-   123,
-   253,
-   29,
-   255,
-   83,
-   253,
-   241,
-   211,
-   206,
-   243,
-   206,
-   223,
-   250,
-   199,
-   188,
-   32,
-   175,
-   252,
-   208,
-   147,
-   252,
-   240,
-   7,
-   190,
-   10,
-   255,
-   83,
-   189,
-   243,
-   183,
-   254,
-   17,
-   127,
-   252,
-   180,
-   11,
-   188,
-   32,
-   63,
-   252,
-   129,
-   175,
-   204,
-   43,
-   63,
-   244,
-   20,
-   255,
-   19,
-   253,
-   241,
-   211,
-   206,
-   243,
-   206,
-   223,
-   250,
-   199,
-   188,
-   32,
-   175,
-   252,
-   208,
-   147,
-   252,
-   240,
-   7,
-   190,
-   10,
-   87,
-   253,
-   175,
-   134,
-   108,
-   155,
-   255,
-   98,
-   239,
-   255,
-   193,
-   31,
-   206,
-   199,
-   124,
-   228,
-   135,
-   241,
-   98,
    143,
+   248,
+   227,
+   167,
+   93,
+   224,
+   5,
+   249,
+   225,
+   15,
-   125,
-   12,
-   87,
-   253,
-   231,
-   123,
-   240,
-   39,
-   255,
-   2,
-   47,
-   204,
-   173,
-   95,
-   252,
-   102,
-   252,
-   79,
-   245,
-   141,
-   127,
-   253,
-   141,
    124,
+   101,
+   94,
+   249,
+   161,
+   167,
+   248,
+   31,
+   233,
+   214,
-   211,
    223,
-   124,
-   19,
-   47,
-   200,
    135,
+   239,
+   126,
+   51,
+   94,
+   160,
+   7,
+   191,
+   58,
    188,
-   212,
-   135,
-   240,
-   161,
-   47,
-   253,
-   161,
-   252,
-   79,
-   245,
-   18,
-   223,
-   243,
-   18,
-   188,
-   48,
-   127,
    247,
-   94,
-   127,
-   199,
-   255,
-   84,
-   127,
-   252,
-   180,
-   243,
-   188,
-   243,
-   183,
-   254,
-   49,
    47,
+   112,
+   213,
-   200,
-   43,
-   63,
-   244,
-   36,
-   63,
-   252,
-   129,
-   175,
-   194,
    255,
+   106,
-   84,
-   239,
-   252,
-   173,
-   127,
-   196,
-   31,
-   63,
-   237,
-   2,
-   47,
    200,
+   182,
+   249,
+   119,
+   122,
+   242,
+   83,
+   158,
-   15,
-   127,
-   224,
-   43,
-   243,
    202,
+   193,
+   193,
+   1,
+   47,
-   15,
-   61,
-   197,
-   255,
-   68,
-   127,
-   252,
-   180,
    243,
+   210,
-   188,
-   243,
-   183,
-   254,
-   49,
    47,
+   197,
+   139,
+   226,
+   253,
-   200,
-   43,
    63,
+   248,
-   244,
-   36,
-   63,
-   252,
-   129,
-   175,
-   194,
-   85,
-   255,
-   171,
-   33,
-   219,
-   230,
-   191,
-   216,
-   251,
-   127,
-   240,
-   135,
-   243,
-   49,
-   31,
-   249,
-   97,
-   188,
-   216,
-   99,
-   31,
    195,
-   85,
-   255,
    249,
+   152,
+   143,
-   30,
    252,
+   48,
+   94,
+   236,
+   177,
+   143,
+   225,
+   170,
-   201,
-   191,
-   192,
-   11,
-   115,
-   235,
-   23,
-   191,
-   25,
    255,
+   124,
+   15,
+   254,
+   228,
-   83,
-   125,
-   227,
    95,
+   224,
+   133,
+   185,
+   245,
+   139,
-   127,
-   35,
    223,
+   140,
+   255,
+   169,
+   190,
+   250,
+   215,
+   159,
-   244,
-   55,
-   223,
    196,
+   87,
+   255,
+   250,
+   147,
+   121,
+   65,
+   62,
+   250,
+   245,
+   31,
+   193,
+   71,
+   191,
+   254,
+   35,
+   249,
+   159,
+   234,
+   193,
+   159,
+   252,
    11,
-   242,
-   33,
-   47,
-   245,
-   33,
-   124,
-   232,
-   75,
-   127,
-   40,
-   255,
-   83,
-   189,
-   196,
-   247,
    188,
+   48,
+   183,
+   126,
-   4,
-   47,
-   204,
-   223,
-   189,
-   215,
-   223,
    241,
+   155,
+   241,
    63,
    213,
    31,
    63,
    237,
...
    63,
+   210,
-   209,
-   31,
-   63,
-   237,
-   60,
-   239,
-   252,
    173,
+   191,
-   127,
-   204,
-   11,
-   242,
-   202,
    15,
+   223,
+   253,
+   102,
+   188,
+   64,
-   61,
-   201,
    15,
+   126,
+   117,
+   120,
+   239,
+   95,
-   127,
    224,
+   170,
+   255,
-   171,
-   112,
    213,
+   144,
+   109,
+   243,
+   239,
+   240,
-   255,
-   106,
-   200,
-   182,
    249,
+   95,
+   244,
+   165,
-   47,
-   246,
-   254,
-   31,
    252,
-   225,
-   124,
-   204,
-   71,
-   126,
-   24,
-   47,
-   246,
-   216,
-   199,
-   112,
-   213,
-   127,
-   190,
-   7,
-   127,
-   242,
-   47,
-   240,
-   194,
-   220,
-   250,
    197,
+   95,
+   254,
+   21,
-   111,
-   198,
-   255,
-   84,
-   223,
-   248,
    215,
+   95,
-   223,
-   200,
-   55,
-   253,
-   205,
-   55,
-   241,
-   130,
-   124,
-   200,
-   75,
-   125,
-   8,
-   31,
-   250,
-   210,
-   31,
-   202,
-   255,
-   84,
-   47,
-   241,
-   61,
-   47,
-   193,
-   11,
-   243,
    119,
+   29,
-   239,
-   245,
    119,
-   252,
-   79,
-   245,
-   199,
-   79,
-   59,
-   207,
-   59,
-   127,
-   235,
-   31,
-   243,
-   130,
-   188,
-   242,
-   67,
-   79,
-   242,
-   195,
-   31,
-   248,
-   42,
-   252,
-   79,
-   245,
-   206,
    223,
+   115,
+   15,
+   95,
    250,
+   69,
+   159,
-   71,
-   252,
-   241,
-   211,
-   46,
-   240,
-   130,
-   252,
-   240,
-   7,
-   190,
-   50,
-   175,
-   252,
-   208,
-   83,
-   252,
-   79,
-   244,
-   199,
-   79,
-   59,
    207,
+   35,
+   30,
+   254,
+   48,
+   94,
+   152,
+   247,
+   255,
+   224,
+   15,
+   231,
+   99,
+   62,
-   59,
-   127,
-   235,
-   31,
-   243,
-   130,
-   188,
    242,
-   67,
-   79,
-   242,
    195,
+   120,
+   177,
+   199,
+   62,
+   134,
+   171,
-   31,
-   248,
-   42,
-   92,
-   245,
-   191,
-   26,
-   178,
-   109,
    254,
-   139,
-   189,
-   255,
-   7,
-   127,
-   56,
-   31,
    243,
-   145,
-   31,
-   198,
-   139,
    61,
+   248,
+   147,
+   127,
+   129,
+   23,
+   230,
+   214,
+   47,
-   246,
-   49,
-   92,
-   245,
-   159,
-   239,
-   193,
-   159,
-   252,
-   11,
-   188,
-   48,
-   183,
    126,
+   51,
-   241,
-   155,
-   241,
-   63,
-   213,
-   55,
    254,
+   167,
+   250,
+   234,
+   95,
-   245,
-   55,
-   242,
-   77,
    127,
+   18,
+   95,
-   243,
-   77,
-   188,
-   32,
-   31,
-   242,
-   82,
-   31,
-   194,
-   135,
-   190,
-   244,
-   135,
-   242,
-   63,
-   213,
-   75,
-   124,
-   207,
-   75,
-   240,
-   194,
-   252,
-   221,
-   123,
    253,
+   235,
+   79,
+   230,
+   5,
+   249,
+   232,
+   215,
-   29,
-   255,
-   83,
-   253,
-   241,
-   211,
-   206,
-   243,
-   206,
-   223,
-   250,
-   199,
-   188,
-   32,
-   175,
-   252,
-   208,
-   147,
-   252,
-   240,
-   7,
-   190,
-   10,
-   255,
-   83,
-   189,
-   243,
-   183,
-   254,
-   17,
    127,
+   4,
+   31,
-   252,
-   180,
-   11,
-   188,
-   32,
-   63,
-   252,
-   129,
-   175,
-   204,
-   43,
-   63,
-   244,
-   20,
-   255,
-   19,
    253,
-   241,
-   211,
-   206,
-   243,
-   206,
-   223,
    250,
+   143,
-   199,
-   188,
-   32,
-   175,
-   252,
-   208,
-   147,
-   252,
-   240,
-   7,
-   190,
-   10,
-   87,
-   253,
-   175,
-   134,
-   108,
-   155,
-   255,
-   98,
-   239,
-   255,
-   193,
-   31,
-   206,
-   199,
-   124,
    228,
-   135,
-   241,
-   98,
-   143,
-   125,
-   12,
-   87,
-   253,
-   231,
-   123,
-   240,
-   39,
-   255,
-   2,
-   47,
-   204,
-   173,
-   95,
-   252,
-   102,
-   252,
-   79,
-   245,
-   141,
    127,
+   170,
+   7,
+   127,
+   242,
-   253,
-   141,
-   124,
-   211,
-   223,
-   124,
-   19,
    47,
-   200,
-   135,
-   188,
-   212,
-   135,
    240,
+   194,
+   220,
+   250,
+   197,
+   111,
+   198,
-   161,
-   47,
-   253,
-   161,
-   252,
-   79,
-   245,
-   18,
-   223,
-   243,
-   18,
-   188,
-   48,
-   127,
-   247,
-   94,
-   127,
-   199,
    255,
    84,
    127,
    252,
    180,
...
    255,
+   72,
-   68,
-   127,
-   252,
-   180,
-   243,
-   188,
-   243,
    183,
    254,
+   62,
-   49,
-   47,
-   200,
-   43,
-   63,
-   244,
-   36,
-   63,
-   252,
-   129,
-   175,
-   194,
-   85,
-   255,
-   171,
-   33,
-   219,
-   230,
-   191,
-   216,
-   251,
-   127,
-   240,
-   135,
-   243,
-   49,
-   31,
-   249,
-   97,
-   188,
-   216,
-   99,
-   31,
-   195,
-   85,
-   255,
-   249,
-   30,
-   252,
-   201,
-   191,
-   192,
-   11,
-   115,
-   235,
-   23,
-   191,
-   25,
-   255,
-   83,
-   125,
-   227,
-   95,
-   127,
-   35,
-   223,
-   244,
-   55,
-   223,
-   196,
-   11,
-   242,
-   33,
-   47,
-   245,
-   33,
    124,
-   232,
-   75,
-   127,
-   40,
-   255,
-   83,
-   189,
-   196,
    247,
+   155,
-   188,
-   4,
-   47,
-   204,
-   223,
-   189,
-   215,
-   223,
    241,
+   2,
-   63,
-   213,
-   31,
-   63,
-   237,
-   60,
-   239,
-   252,
-   173,
-   127,
-   204,
-   11,
-   242,
-   202,
-   15,
    61,
-   201,
-   15,
-   127,
-   224,
-   171,
-   240,
-   63,
-   213,
-   59,
-   127,
-   235,
-   31,
-   241,
-   199,
-   79,
-   187,
-   192,
-   11,
-   242,
-   195,
-   31,
    248,
-   202,
-   188,
-   242,
-   67,
-   79,
-   241,
-   63,
-   209,
-   31,
-   63,
-   237,
-   60,
-   239,
-   252,
-   173,
-   127,
-   204,
-   11,
-   242,
-   202,
-   15,
-   61,
-   201,
-   15,
-   127,
-   224,
-   171,
-   112,
    213,
-   255,
-   106,
-   200,
-   182,
-   249,
-   47,
-   246,
-   254,
-   31,
-   252,
    225,
+   189,
-   124,
-   204,
-   71,
-   126,
-   24,
-   47,
-   246,
-   216,
-   199,
-   112,
-   213,
    127,
-   190,
-   119,
-   255,
    129,
+   171,
-   31,
-   228,
-   133,
-   249,
    254,
-   119,
-   123,
    87,
-   254,
-   167,
-   250,
-   198,
-   191,
-   254,
-   70,
-   190,
-   233,
-   111,
-   190,
-   137,
-   23,
-   228,
    67,
+   182,
+   205,
-   94,
-   234,
-   67,
-   248,
-   208,
-   151,
-   254,
-   80,
-   254,
-   167,
-   122,
-   137,
-   239,
-   121,
-   9,
-   94,
-   152,
    191,
+   209,
+   221,
+   247,
+   220,
+   203,
+   135,
-   123,
-   175,
-   191,
-   227,
-   127,
-   170,
-   63,
    126,
+   196,
+   71,
-   218,
-   121,
-   222,
-   249,
-   91,
-   255,
-   152,
-   23,
-   228,
-   149,
-   31,
-   122,
-   146,
-   31,
-   254,
-   192,
-   87,
-   225,
-   127,
-   170,
-   79,
-   251,
-   165,
-   159,
-   227,
-   25,
-   23,
-   246,
-   121,
-   65,
-   62,
-   230,
-   181,
-   95,
-   149,
-   151,
-   187,
-   241,
-   193,
-   252,
-   79,
-   244,
-   199,
-   79,
-   59,
-   207,
-   59,
-   127,
-   235,
-   31,
    243,
+   125,
+   223,
-   130,
-   188,
-   242,
-   67,
-   79,
-   242,
-   195,
-   31,
-   248,
-   42,
-   92,
    245,
+   237,
+   108,
-   191,
-   26,
-   178,
    109,
+   109,
+   242,
+   35,
+   63,
-   254,
-   139,
-   189,
-   255,
-   7,
-   127,
-   56,
-   31,
-   243,
-   145,
-   31,
-   198,
-   139,
-   61,
    246,
+   19,
+   60,
+   233,
+   201,
+   79,
+   225,
+   51,
+   62,
-   49,
-   92,
    245,
+   147,
-   159,
-   239,
-   37,
-   190,
-   231,
-   37,
    120,
    97,
+   222,
-   254,
-   238,
-   189,
-   254,
-   142,
    255,
+   131,
+   63,
+   156,
+   143,
+   249,
+   200,
+   15,
+   227,
+   197,
+   30,
+   251,
+   24,
+   174,
-   169,
-   190,
-   241,
-   175,
-   191,
-   145,
-   111,
    250,
+   207,
+   247,
+   224,
+   79,
+   254,
-   155,
-   111,
-   226,
    5,
-   249,
-   144,
-   151,
-   250,
-   16,
-   62,
-   244,
-   165,
-   63,
-   148,
-   255,
-   169,
    94,
+   152,
+   91,
+   191,
-   226,
-   123,
-   94,
-   130,
-   23,
-   230,
-   239,
-   222,
-   235,
-   239,
    248,
+   205,
+   248,
    159,
    234,
+   171,
+   127,
+   253,
+   73,
+   124,
+   245,
+   175,
-   143,
-   159,
-   118,
-   158,
-   119,
-   254,
-   214,
    63,
+   153,
-   230,
-   5,
-   121,
-   229,
-   135,
-   158,
-   228,
-   135,
-   63,
-   240,
-   85,
-   248,
-   159,
-   234,
-   125,
-   126,
-   249,
-   125,
-   248,
-   243,
-   123,
-   255,
-   156,
    23,
    228,
+   163,
-   59,
-   223,
-   232,
-   59,
-   121,
-   133,
-   235,
-   94,
-   129,
-   255,
-   137,
-   254,
-   248,
-   105,
-   231,
-   121,
-   231,
-   111,
-   253,
-   99,
-   94,
-   144,
-   87,
-   126,
-   232,
-   73,
-   126,
-   248,
-   3,
    95,
-   133,
-   171,
-   254,
-   87,
-   67,
-   182,
-   205,
-   127,
-   177,
-   247,
    255,
+   17,
+   124,
-   224,
-   15,
-   231,
-   99,
-   62,
-   242,
-   195,
-   120,
-   177,
-   199,
-   62,
-   134,
-   171,
-   254,
-   243,
-   189,
-   196,
-   247,
-   188,
-   4,
-   47,
-   204,
-   223,
-   189,
-   215,
-   223,
-   241,
-   63,
-   213,
-   55,
-   254,
-   245,
-   55,
-   242,
-   77,
-   127,
-   243,
-   77,
-   188,
-   32,
-   31,
-   242,
-   82,
-   31,
-   194,
-   135,
-   190,
    244,
+   235,
-   135,
-   242,
    63,
+   146,
+   255,
+   169,
+   30,
-   213,
-   75,
-   124,
-   207,
-   75,
-   240,
-   194,
    252,
+   201,
+   191,
+   192,
+   11,
+   115,
+   235,
+   23,
+   191,
+   25,
-   221,
-   123,
-   253,
-   29,
    255,
    83,
    253,
    241,
    211,
...
    189,
+   243,
+   183,
+   254,
+   17,
-   207,
-   47,
-   191,
-   15,
    127,
+   252,
+   180,
+   11,
+   188,
+   32,
+   63,
+   252,
+   129,
-   126,
-   239,
-   159,
-   243,
-   130,
-   124,
-   231,
-   27,
-   125,
-   39,
    175,
+   204,
+   43,
+   63,
+   244,
+   20,
+   255,
+   35,
-   112,
    221,
+   250,
+   251,
-   43,
    240,
+   221,
+   111,
+   198,
-   63,
-   209,
-   31,
-   63,
-   237,
-   60,
-   239,
-   252,
-   173,
-   127,
-   204,
    11,
+   244,
-   242,
-   202,
-   15,
-   61,
-   201,
-   15,
-   127,
    224,
+   87,
+   135,
-   171,
-   112,
-   213,
-   255,
-   106,
-   200,
-   182,
-   249,
-   47,
-   246,
-   254,
-   31,
-   252,
-   225,
-   124,
-   204,
-   71,
-   126,
-   24,
-   47,
-   246,
-   216,
-   199,
-   112,
-   213,
-   127,
-   190,
-   151,
-   248,
-   158,
-   151,
-   224,
-   133,
-   249,
-   187,
    247,
-   250,
-   59,
    254,
+   5,
+   174,
-   167,
    250,
+   95,
+   13,
+   217,
+   54,
+   255,
-   198,
-   191,
-   254,
    70,
+   63,
+   242,
+   99,
+   63,
+   193,
+   147,
+   158,
+   252,
+   20,
+   62,
+   227,
+   83,
+   63,
+   9,
+   128,
+   131,
+   131,
-   190,
-   233,
-   111,
-   190,
-   137,
-   23,
-   228,
    67,
    94,
+   255,
+   77,
+   222,
+   130,
+   63,
-   234,
-   67,
-   248,
-   208,
-   151,
    254,
+   189,
+   223,
+   228,
+   133,
+   121,
+   255,
+   15,
-   80,
    254,
+   112,
+   62,
+   230,
+   35,
+   63,
+   140,
+   23,
-   167,
-   122,
-   137,
-   239,
-   121,
-   9,
-   94,
-   152,
-   191,
    123,
+   236,
+   99,
+   184,
+   234,
-   175,
-   191,
-   227,
-   127,
-   170,
    63,
+   223,
+   131,
+   63,
-   126,
-   218,
-   121,
-   222,
    249,
-   91,
-   255,
-   152,
    23,
+   120,
+   97,
+   110,
+   253,
+   226,
+   55,
+   227,
-   228,
-   149,
-   31,
-   122,
-   146,
-   31,
-   254,
-   192,
-   87,
-   225,
    127,
    170,
+   175,
-   247,
-   249,
-   229,
-   247,
-   225,
-   207,
-   239,
-   253,
-   115,
-   94,
-   144,
-   239,
-   124,
-   163,
-   239,
-   228,
-   21,
-   174,
-   123,
-   5,
    254,
+   245,
    39,
+   241,
+   213,
-   250,
-   227,
-   167,
-   157,
-   231,
-   157,
    191,
+   254,
+   100,
-   245,
-   143,
-   121,
-   65,
    94,
+   144,
-   249,
-   161,
-   39,
-   249,
-   225,
-   15,
-   124,
-   21,
-   174,
-   250,
-   95,
-   13,
-   217,
-   54,
-   255,
-   197,
-   222,
-   255,
-   131,
-   63,
-   156,
    143,
+   126,
-   249,
-   200,
-   15,
-   227,
-   197,
-   30,
-   251,
-   24,
-   174,
-   250,
-   207,
-   247,
-   18,
-   223,
-   243,
-   18,
-   188,
-   48,
-   127,
-   247,
-   94,
-   127,
-   199,
-   255,
-   84,
-   223,
-   248,
-   215,
-   223,
-   200,
-   55,
    253,
+   71,
+   240,
+   209,
+   175,
-   205,
-   55,
-   241,
-   130,
-   124,
-   200,
-   75,
-   125,
-   8,
-   31,
-   250,
-   210,
-   31,
-   202,
    255,
+   72,
+   254,
+   167,
+   122,
+   240,
+   39,
+   255,
+   2,
-   84,
    47,
+   204,
+   173,
+   95,
-   241,
-   61,
-   47,
-   193,
-   11,
-   243,
-   119,
-   239,
-   245,
-   119,
    252,
+   102,
+   252,
    79,
    245,
    199,
    79,
    59,
...
    245,
+   206,
+   223,
+   250,
+   71,
-   62,
-   191,
    252,
+   241,
+   211,
+   46,
+   240,
+   130,
-   62,
    252,
+   240,
+   7,
+   190,
+   50,
-   249,
-   189,
-   127,
-   206,
-   11,
-   242,
-   157,
-   111,
-   244,
-   157,
-   188,
-   194,
-   117,
    175,
-   192,
-   255,
-   68,
-   127,
    252,
+   208,
+   83,
-   180,
-   243,
-   188,
-   243,
-   183,
-   254,
-   49,
-   47,
-   200,
-   43,
-   63,
-   244,
-   36,
-   63,
    252,
+   143,
+   116,
-   129,
-   175,
-   194,
-   85,
-   255,
-   171,
-   33,
-   219,
-   230,
-   191,
-   216,
-   251,
-   127,
-   240,
-   135,
-   243,
-   49,
-   31,
-   249,
-   97,
-   188,
-   216,
-   99,
-   31,
-   195,
-   85,
-   255,
-   249,
-   94,
-   226,
-   123,
-   94,
-   130,
-   23,
-   230,
-   239,
-   222,
    235,
    239,
+   195,
+   119,
-   248,
-   159,
-   234,
-   27,
-   255,
-   250,
-   27,
-   249,
-   166,
    191,
+   25,
+   47,
+   208,
+   131,
-   249,
-   38,
-   94,
-   144,
-   15,
-   121,
-   169,
-   15,
-   225,
-   67,
    95,
+   29,
-   250,
-   67,
-   249,
-   159,
-   234,
-   37,
-   190,
-   231,
-   37,
-   120,
-   97,
-   254,
-   238,
-   189,
-   254,
-   142,
-   255,
-   169,
-   254,
-   248,
-   105,
-   231,
-   121,
-   231,
-   111,
-   253,
-   99,
-   94,
-   144,
-   87,
-   126,
-   232,
-   73,
-   126,
-   248,
-   3,
-   95,
-   133,
-   255,
-   169,
    222,
+   251,
+   23,
-   231,
-   151,
-   223,
-   135,
-   63,
-   191,
-   247,
-   207,
-   121,
-   65,
-   190,
-   243,
-   141,
-   190,
-   147,
-   87,
    184,
-   238,
-   21,
-   248,
-   159,
-   232,
-   143,
-   159,
-   118,
-   158,
-   119,
-   254,
-   214,
-   63,
-   230,
-   5,
-   121,
-   229,
-   135,
-   158,
-   228,
-   135,
-   63,
-   240,
-   85,
-   184,
    234,
    127,
    53,
    100,
    219,
    252,
+   27,
-   23,
-   123,
-   255,
-   15,
-   254,
-   112,
-   62,
-   230,
-   35,
-   63,
-   140,
-   23,
-   123,
-   236,
-   99,
-   184,
-   234,
-   63,
-   223,
-   75,
-   124,
-   207,
-   75,
-   240,
-   194,
-   252,
-   221,
-   123,
-   253,
-   29,
-   255,
-   83,
    125,
-   227,
-   95,
-   127,
-   35,
-   223,
-   244,
-   55,
-   223,
-   196,
-   11,
-   242,
-   33,
-   47,
-   245,
-   33,
-   124,
-   232,
-   75,
-   127,
-   40,
-   255,
-   83,
-   189,
-   196,
-   247,
-   188,
-   4,
-   47,
-   204,
-   223,
-   189,
-   215,
-   223,
-   241,
-   63,
-   213,
-   31,
-   63,
-   237,
-   60,
-   239,
-   252,
-   173,
-   127,
-   204,
-   11,
-   242,
-   202,
-   15,
-   61,
-   201,
-   15,
-   127,
-   224,
-   171,
-   240,
-   63,
-   213,
    251,
-   252,
-   242,
-   251,
-   240,
-   231,
-   247,
-   254,
-   57,
-   47,
-   200,
    119,
+   126,
+   15,
+   0,
+   239,
-   190,
-   209,
-   119,
-   242,
-   10,
-   215,
-   189,
-   2,
    255,
-   19,
-   253,
-   241,
-   211,
-   206,
-   243,
-   206,
-   223,
-   250,
-   199,
-   188,
-   32,
-   175,
-   252,
-   208,
-   147,
-   252,
-   240,
-   7,
    190,
-   10,
-   87,
-   253,
-   175,
-   134,
-   108,
-   155,
-   255,
-   98,
    239,
+   197,
-   255,
-   193,
-   31,
-   206,
-   199,
-   124,
-   228,
-   135,
-   241,
-   98,
-   143,
-   125,
-   12,
-   87,
    253,
-   231,
-   123,
-   137,
-   239,
-   121,
-   9,
    94,
+   249,
+   53,
+   94,
+   151,
+   63,
-   152,
-   191,
-   123,
-   175,
-   191,
-   227,
-   127,
-   170,
-   111,
-   252,
-   235,
-   111,
-   228,
-   155,
    254,
+   189,
+   223,
-   230,
-   155,
-   120,
-   65,
-   62,
    228,
+   129,
+   30,
+   255,
-   165,
-   62,
    132,
+   39,
+   242,
+   245,
+   223,
-   15,
-   125,
-   233,
-   15,
-   229,
-   127,
-   170,
-   151,
    248,
+   45,
+   220,
+   239,
+   182,
-   158,
-   151,
-   224,
-   133,
-   249,
-   187,
-   247,
-   250,
    59,
+   238,
-   254,
-   167,
-   250,
-   227,
-   167,
-   157,
-   231,
-   157,
-   191,
-   245,
-   143,
-   121,
-   65,
-   94,
-   249,
-   161,
-   39,
-   249,
-   225,
-   15,
-   124,
-   21,
-   254,
-   167,
-   122,
-   159,
-   95,
-   126,
-   31,
-   254,
-   252,
-   222,
-   63,
-   231,
-   5,
-   249,
-   206,
-   55,
-   250,
-   78,
-   94,
-   225,
-   186,
-   87,
    224,
+   139,
-   127,
-   162,
    63,
-   126,
-   218,
-   121,
-   222,
-   249,
-   91,
    255,
+   115,
+   120,
+   177,
+   199,
+   62,
+   134,
-   152,
-   23,
-   228,
-   149,
-   31,
-   122,
-   146,
-   31,
-   254,
-   192,
-   87,
-   225,
-   170,
    255,
+   21,
+   238,
-   213,
-   144,
-   109,
-   243,
-   95,
-   236,
-   253,
-   63,
-   248,
-   195,
    249,
+   59,
+   88,
+   239,
+   241,
+   2,
+   93,
+   251,
+   226,
-   152,
-   143,
-   252,
    48,
+   63,
+   198,
-   94,
-   236,
-   177,
-   143,
-   225,
-   170,
    255,
+   84,
+   239,
+   252,
+   173,
+   127,
+   196,
-   124,
-   47,
-   241,
-   61,
-   47,
-   193,
    11,
    243,
+   195,
+   31,
+   248,
+   42,
-   119,
-   239,
-   245,
-   119,
    252,
    79,
    245,
+   227,
-   141,
    127,
+   113,
+   7,
+   63,
+   254,
+   23,
+   183,
+   243,
+   130,
-   253,
-   141,
-   124,
-   211,
-   223,
-   124,
-   19,
-   47,
-   200,
-   135,
    188,
-   212,
-   135,
-   240,
-   161,
-   47,
    253,
+   203,
+   221,
+   204,
+   219,
+   191,
+   220,
+   77,
-   161,
    252,
    79,
    245,
+   206,
-   18,
    223,
+   250,
+   71,
-   243,
-   18,
    188,
    48,
-   127,
-   247,
-   94,
-   127,
-   199,
-   255,
-   84,
-   127,
-   252,
-   180,
-   243,
-   188,
-   243,
-   183,
-   254,
-   49,
-   47,
-   200,
-   43,
    63,
-   244,
-   36,
-   63,
    252,
    129,
    175,
    194,
    255,
    84,
+   143,
+   187,
+   123,
+   143,
+   207,
+   253,
+   185,
+   127,
+   224,
+   5,
+   121,
+   236,
+   245,
+   199,
+   248,
+   204,
+   183,
+   120,
+   44,
+   255,
+   83,
+   125,
+   238,
+   207,
+   61,
+   142,
+   199,
+   221,
+   125,
+   137,
+   23,
+   228,
+   51,
-   239,
-   243,
-   203,
-   239,
-   195,
-   159,
    223,
+   226,
+   197,
+   120,
+   236,
+   245,
+   59,
-   251,
-   231,
-   188,
-   32,
-   223,
-   249,
-   70,
-   223,
-   201,
-   43,
-   92,
-   247,
-   10,
    252,
+   143,
+   116,
-   79,
-   244,
-   199,
-   79,
-   59,
    207,
+   223,
+   193,
+   47,
-   59,
    127,
+   50,
+   47,
+   208,
+   117,
+   47,
+   1,
+   111,
+   252,
+   197,
-   235,
-   31,
-   243,
-   130,
-   188,
-   242,
-   67,
-   79,
-   242,
-   195,
-   31,
-   248,
-   42,
    92,
    245,
    191,
    26,
    178,
    109,
    254,
+   141,
+   190,
+   253,
+   59,
+   191,
-   139,
-   189,
-   255,
    7,
+   128,
+   247,
    127,
+   223,
+   247,
+   226,
+   126,
+   175,
+   252,
+   26,
+   175,
+   203,
+   175,
+   255,
+   210,
+   207,
+   177,
+   181,
+   181,
+   201,
+   253,
+   246,
+   246,
+   247,
+   121,
+   202,
+   83,
+   158,
-   56,
-   31,
-   243,
-   145,
-   31,
    198,
+   253,
-   139,
-   61,
-   246,
-   49,
-   92,
-   245,
-   159,
-   239,
-   37,
    190,
+   242,
+   107,
-   231,
-   37,
-   120,
-   97,
-   254,
-   238,
-   189,
-   254,
-   142,
-   255,
-   169,
    190,
+   158,
+   79,
-   241,
-   175,
-   191,
-   145,
-   111,
-   250,
-   155,
-   111,
-   226,
-   5,
    249,
+   196,
-   144,
-   151,
-   250,
-   16,
-   62,
-   244,
-   165,
-   63,
-   148,
-   255,
-   169,
-   94,
-   226,
-   123,
-   94,
-   130,
-   23,
-   230,
-   239,
-   222,
-   235,
-   239,
-   248,
-   159,
-   234,
    143,
+   229,
+   197,
+   30,
+   251,
+   24,
-   159,
-   118,
-   158,
-   119,
    254,
+   87,
-   214,
-   63,
-   230,
-   5,
-   121,
-   229,
-   135,
-   158,
-   228,
-   135,
-   63,
-   240,
-   85,
    248,
+   238,
+   55,
+   131,
+   91,
+   127,
    159,
-   234,
-   125,
-   126,
-   249,
-   125,
-   248,
-   243,
-   123,
-   255,
-   156,
    23,
-   228,
-   59,
-   223,
    232,
+   189,
+   127,
+   1,
+   30,
+   252,
+   234,
+   92,
+   117,
+   213,
+   85,
-   59,
-   121,
-   133,
-   235,
-   94,
-   129,
-   255,
-   137,
-   254,
-   248,
-   105,
-   231,
-   121,
-   231,
-   111,
-   253,
-   99,
-   94,
-   144,
    87,
+   93,
+   117,
+   213,
+   139,
+   8,
+   217,
+   54,
-   126,
-   232,
-   73,
-   126,
-   248,
-   3,
-   95,
-   133,
-   171,
-   254,
-   87,
-   67,
-   182,
-   205,
-   127,
-   177,
-   247,
    255,
+   70,
+   223,
-   224,
-   15,
-   231,
-   99,
-   62,
-   242,
-   195,
-   120,
-   177,
-   199,
-   62,
-   134,
-   171,
    254,
+   157,
-   243,
-   189,
-   196,
-   247,
-   188,
-   4,
-   47,
-   204,
    223,
+   195,
-   189,
-   215,
-   223,
-   241,
-   63,
-   213,
-   55,
    254,
+   193,
+   1,
+   31,
-   245,
-   55,
-   242,
-   77,
-   127,
    243,
+   145,
-   77,
-   188,
-   32,
    31,
+   198,
-   242,
-   82,
-   31,
-   194,
-   135,
-   190,
-   244,
-   135,
-   242,
-   63,
-   213,
-   75,
-   124,
-   207,
-   75,
-   240,
-   194,
-   252,
-   221,
-   123,
    253,
+   94,
+   249,
+   53,
+   94,
-   29,
-   255,
-   83,
-   253,
-   197,
-   221,
-   143,
-   231,
-   11,
-   126,
-   247,
-   187,
-   121,
-   65,
-   30,
-   118,
-   242,
-   6,
-   190,
-   236,
-   13,
-   62,
-   138,
-   255,
-   169,
-   222,
-   231,
    151,
-   223,
-   135,
    63,
-   191,
-   247,
-   207,
-   121,
-   65,
-   190,
-   243,
-   141,
-   190,
-   147,
-   87,
-   184,
-   238,
-   21,
-   248,
-   159,
-   232,
-   143,
-   159,
-   118,
-   158,
-   119,
    254,
+   189,
+   223,
+   228,
+   133,
-   214,
-   63,
-   230,
-   5,
    121,
-   229,
-   135,
-   158,
-   228,
-   135,
-   63,
-   240,
-   85,
-   184,
-   234,
-   127,
-   53,
-   100,
-   219,
-   252,
-   23,
-   123,
    255,
    15,
    254,
    112,
    62,
...
    99,
+   248,
+   95,
+   225,
+   187,
-   184,
-   234,
-   63,
    223,
+   12,
+   110,
-   75,
-   124,
-   207,
-   75,
-   240,
-   194,
-   252,
-   221,
-   123,
    253,
-   29,
-   255,
-   83,
    125,
+   94,
+   160,
-   227,
-   95,
-   127,
-   35,
-   223,
-   244,
-   55,
-   223,
-   196,
-   11,
-   242,
-   33,
-   47,
-   245,
-   33,
-   124,
-   232,
-   75,
-   127,
-   40,
-   255,
-   83,
-   189,
-   196,
    247,
+   254,
+   5,
+   120,
+   240,
+   171,
+   115,
-   188,
-   4,
-   47,
-   204,
-   223,
-   189,
-   215,
-   223,
-   241,
-   63,
    213,
+   85,
+   87,
+   93,
+   117,
+   213,
+   85,
-   159,
-   221,
-   243,
-   103,
-   188,
-   239,
-   175,
-   188,
    47,
+   34,
+   100,
+   219,
+   252,
-   47,
-   200,
-   203,
-   95,
-   251,
-   242,
-   124,
-   215,
    27,
+   61,
+   249,
+   41,
+   79,
+   229,
-   127,
-   23,
-   255,
-   83,
-   189,
-   207,
-   47,
-   191,
-   15,
-   127,
-   126,
-   239,
-   159,
    243,
+   190,
-   130,
-   124,
-   231,
-   27,
-   125,
-   39,
-   175,
-   112,
-   221,
-   43,
    240,
+   75,
+   248,
+   222,
-   63,
-   209,
-   31,
-   63,
-   237,
-   60,
    239,
    252,
+   86,
+   0,
-   173,
-   127,
-   204,
-   11,
-   242,
-   202,
-   15,
-   61,
-   201,
-   15,
-   127,
-   224,
-   171,
-   112,
-   213,
-   255,
-   106,
-   200,
-   182,
-   249,
-   47,
-   246,
-   254,
-   31,
-   252,
-   225,
-   124,
-   204,
-   71,
    126,
-   24,
-   47,
-   246,
-   216,
-   199,
-   112,
-   213,
-   127,
-   190,
-   151,
-   248,
-   158,
-   151,
-   224,
-   133,
-   249,
-   187,
    247,
+   247,
-   250,
-   59,
    254,
+   128,
-   167,
-   250,
-   198,
-   191,
-   254,
-   70,
-   190,
-   233,
    111,
+   251,
+   206,
+   239,
+   230,
+   251,
    190,
+   235,
+   219,
-   137,
-   23,
-   228,
-   67,
-   94,
-   234,
-   67,
-   248,
-   208,
-   151,
-   254,
-   80,
-   254,
-   167,
-   122,
-   137,
-   239,
-   121,
-   9,
-   94,
-   152,
-   191,
-   123,
-   175,
-   191,
-   227,
-   127,
-   170,
-   63,
-   187,
-   231,
-   207,
    120,
+   97,
-   223,
-   95,
-   121,
-   95,
-   94,
-   144,
-   151,
-   191,
-   246,
-   229,
-   249,
-   174,
-   55,
-   254,
-   46,
-   254,
-   167,
-   122,
-   159,
-   95,
-   126,
-   31,
-   254,
-   252,
    222,
+   255,
+   131,
    63,
+   156,
+   143,
-   231,
-   5,
    249,
+   200,
+   15,
+   227,
+   197,
+   30,
+   251,
+   24,
+   254,
+   87,
+   248,
+   238,
-   206,
    55,
+   131,
+   91,
-   250,
-   78,
-   94,
-   225,
-   186,
-   87,
-   224,
    127,
+   159,
-   162,
-   63,
-   126,
-   218,
-   121,
-   222,
-   249,
-   91,
-   255,
-   152,
    23,
+   232,
+   189,
+   127,
+   1,
+   30,
+   252,
+   234,
+   92,
+   117,
+   213,
+   85,
-   228,
-   149,
-   31,
-   122,
-   146,
-   31,
-   254,
-   192,
    87,
+   93,
+   117,
+   213,
+   139,
+   8,
+   217,
+   54,
-   225,
-   170,
    255,
+   14,
+   159,
+   247,
+   133,
-   213,
-   144,
-   109,
-   243,
    95,
+   194,
+   193,
+   225,
+   33,
+   143,
+   124,
-   236,
-   253,
-   63,
    248,
    195,
    249,
+   249,
+   95,
+   250,
+   101,
+   62,
+   230,
+   35,
+   62,
+   140,
+   215,
+   124,
+   141,
+   87,
+   227,
+   133,
+   121,
+   255,
+   15,
+   254,
+   112,
+   62,
+   230,
+   35,
+   63,
+   140,
+   23,
+   123,
-   152,
-   143,
-   252,
-   48,
-   94,
    236,
+   99,
+   248,
+   95,
-   177,
-   143,
    225,
+   187,
+   223,
+   12,
+   110,
-   170,
-   255,
-   124,
-   47,
-   241,
-   61,
-   47,
-   193,
-   11,
-   243,
-   119,
-   239,
-   245,
-   119,
-   252,
-   79,
-   245,
-   141,
-   127,
    253,
+   125,
+   94,
+   160,
+   247,
+   254,
+   5,
+   120,
-   141,
-   124,
-   211,
-   223,
-   124,
-   19,
-   47,
-   200,
-   135,
-   188,
-   212,
-   135,
    240,
+   171,
+   115,
+   213,
+   85,
+   87,
+   93,
+   117,
+   213,
+   85,
-   161,
    47,
+   34,
+   100,
+   219,
+   252,
+   59,
    253,
+   238,
+   239,
+   253,
+   1,
-   161,
-   252,
    79,
+   122,
+   242,
+   83,
+   120,
+   217,
+   151,
+   121,
+   105,
-   245,
-   18,
-   223,
-   243,
-   18,
-   188,
-   48,
-   127,
-   247,
    94,
+   246,
+   101,
+   94,
+   138,
    127,
+   201,
+   251,
-   199,
-   255,
-   84,
    127,
+   240,
+   135,
-   118,
-   207,
-   159,
-   241,
-   190,
-   191,
-   242,
-   190,
-   188,
-   32,
-   47,
-   127,
-   237,
-   203,
    243,
+   49,
+   31,
-   93,
-   111,
-   252,
-   93,
-   252,
-   79,
-   245,
-   62,
-   191,
-   252,
-   62,
-   252,
    249,
+   97,
-   189,
-   127,
-   206,
-   11,
-   242,
-   157,
-   111,
-   244,
-   157,
    188,
+   216,
+   99,
+   31,
+   195,
-   194,
-   117,
-   175,
-   192,
    255,
+   10,
+   223,
+   253,
+   102,
+   112,
+   235,
+   239,
-   68,
-   127,
-   252,
-   180,
    243,
+   2,
+   189,
+   247,
-   188,
-   243,
-   183,
-   254,
-   49,
    47,
+   192,
+   131,
+   95,
+   157,
-   200,
-   43,
-   63,
-   244,
-   36,
-   63,
-   252,
-   129,
-   175,
-   194,
-   85,
-   255,
    171,
+   174,
+   186,
+   234,
+   170,
+   171,
+   174,
+   122,
+   17,
    33,
    219,
    230,
    191,
    216,
...
    195,
-   85,
    255,
+   10,
+   223,
+   253,
+   102,
+   112,
-   249,
-   94,
-   226,
-   123,
-   94,
-   130,
-   23,
-   230,
-   239,
-   222,
    235,
    239,
+   243,
+   2,
+   189,
+   247,
+   47,
+   192,
+   131,
+   95,
+   157,
+   171,
+   174,
+   186,
-   248,
-   159,
    234,
+   170,
+   171,
+   174,
+   122,
+   17,
+   33,
+   219,
+   230,
-   27,
-   255,
-   250,
-   27,
-   249,
-   166,
    191,
+   216,
+   251,
+   127,
+   240,
+   135,
+   243,
+   49,
+   31,
    249,
-   38,
-   94,
-   144,
-   15,
-   121,
-   169,
-   15,
-   225,
-   67,
-   95,
-   250,
-   67,
-   249,
-   159,
-   234,
-   37,
-   190,
-   231,
-   37,
-   120,
    97,
+   188,
+   216,
+   99,
+   31,
+   195,
-   254,
-   238,
-   189,
-   254,
-   142,
    255,
+   10,
-   169,
-   254,
-   236,
-   158,
-   63,
-   227,
-   125,
-   127,
-   229,
-   125,
-   121,
-   65,
-   94,
-   254,
-   218,
-   151,
-   231,
-   187,
-   222,
-   248,
-   187,
-   248,
-   159,
-   234,
-   125,
-   126,
-   249,
-   125,
-   248,
-   243,
-   123,
-   255,
-   156,
-   23,
-   228,
-   59,
    223,
+   253,
+   102,
+   112,
-   232,
-   59,
-   121,
-   133,
    235,
+   239,
+   243,
+   2,
+   189,
+   247,
+   47,
+   192,
+   131,
-   94,
-   129,
-   255,
-   137,
-   254,
-   248,
-   105,
-   231,
-   121,
-   231,
-   111,
-   253,
-   99,
-   94,
-   144,
-   87,
-   126,
-   232,
-   73,
-   126,
-   248,
-   3,
    95,
+   157,
-   133,
    171,
+   174,
+   186,
+   234,
-   254,
-   87,
-   67,
-   182,
-   205,
-   191,
-   211,
-   147,
-   159,
-   242,
-   84,
-   14,
-   14,
-   14,
-   120,
-   153,
-   151,
-   126,
-   41,
-   94,
-   20,
-   239,
-   255,
-   193,
-   31,
-   206,
-   199,
-   124,
-   228,
-   135,
-   241,
-   98,
-   143,
-   125,
-   12,
-   87,
-   253,
-   231,
-   123,
-   137,
-   239,
-   121,
-   9,
-   94,
-   152,
-   191,
-   123,
-   175,
-   191,
-   227,
-   127,
    170,
+   171,
+   174,
+   122,
+   17,
+   33,
+   219,
-   111,
-   252,
-   235,
-   111,
-   228,
-   155,
-   254,
    230,
+   191,
+   216,
+   251,
-   155,
-   120,
-   65,
-   62,
-   228,
-   165,
-   62,
-   132,
-   15,
-   125,
-   233,
-   15,
-   229,
    127,
+   240,
+   135,
+   243,
+   49,
+   31,
-   170,
-   151,
-   248,
-   158,
-   151,
-   224,
-   133,
    249,
+   97,
+   188,
+   216,
+   99,
+   31,
+   195,
+   255,
+   10,
+   223,
-   187,
-   247,
-   250,
-   59,
-   254,
-   167,
-   250,
-   179,
-   123,
-   254,
-   140,
-   247,
    253,
+   102,
+   112,
+   235,
+   239,
+   243,
+   2,
+   189,
-   149,
    247,
+   47,
+   192,
+   131,
-   229,
-   5,
-   121,
-   249,
-   107,
    95,
+   157,
+   171,
+   174,
+   186,
+   234,
-   158,
-   239,
-   122,
-   227,
-   239,
-   226,
-   127,
    170,
+   171,
-   247,
-   249,
-   229,
-   247,
-   225,
-   207,
-   239,
-   253,
-   115,
-   94,
-   144,
-   239,
-   124,
-   163,
-   239,
-   228,
-   21,
    174,
+   122,
+   17,
+   33,
+   219,
+   230,
-   123,
-   5,
-   254,
-   39,
-   250,
-   227,
-   167,
-   157,
-   231,
-   157,
    191,
+   216,
+   251,
+   127,
-   245,
-   143,
-   121,
-   65,
-   94,
-   249,
-   161,
-   39,
-   249,
-   225,
-   15,
-   124,
-   21,
-   174,
-   250,
-   95,
-   13,
-   217,
-   54,
-   255,
-   14,
-   159,
-   255,
-   69,
-   95,
-   202,
-   95,
-   252,
-   229,
-   95,
-   113,
-   253,
-   117,
-   215,
-   113,
-   247,
-   61,
-   247,
    240,
+   135,
+   243,
+   49,
+   31,
-   165,
-   95,
-   244,
    249,
+   97,
+   188,
+   216,
+   99,
+   31,
+   195,
-   60,
-   226,
-   225,
-   15,
-   227,
-   133,
-   121,
    255,
+   10,
-   15,
-   254,
-   112,
-   62,
-   230,
-   35,
-   63,
-   140,
-   23,
-   123,
-   236,
-   99,
-   184,
-   234,
-   63,
    223,
-   75,
-   124,
-   207,
-   75,
-   240,
-   194,
-   252,
-   221,
-   123,
    253,
+   102,
+   112,
+   235,
+   239,
+   243,
+   2,
-   29,
-   255,
-   83,
-   125,
-   227,
-   95,
-   127,
-   35,
-   223,
-   244,
-   55,
-   223,
-   196,
-   11,
-   242,
-   33,
-   47,
-   245,
-   33,
-   124,
-   232,
-   75,
-   127,
-   40,
-   255,
-   83,
    189,
-   196,
    247,
-   188,
-   4,
    47,
+   192,
+   131,
-   204,
-   223,
-   189,
-   215,
-   223,
-   241,
-   63,
-   213,
-   159,
-   221,
-   243,
-   103,
-   188,
-   239,
-   175,
-   188,
-   47,
-   47,
-   200,
-   203,
    95,
+   157,
+   171,
+   174,
+   186,
+   234,
+   170,
+   171,
+   174,
+   122,
+   17,
+   33,
+   219,
+   230,
+   191,
+   216,
    251,
-   242,
-   124,
-   215,
-   27,
    127,
+   240,
+   135,
+   243,
+   49,
+   31,
+   249,
+   97,
+   188,
+   216,
+   99,
+   31,
+   195,
-   23,
    255,
+   10,
+   223,
+   253,
+   102,
+   112,
+   235,
+   239,
+   243,
+   2,
-   83,
    189,
+   247,
-   207,
    47,
+   192,
+   131,
+   95,
+   157,
+   171,
+   174,
+   186,
+   234,
+   170,
+   171,
+   174,
+   122,
+   17,
+   33,
+   219,
+   230,
    191,
+   216,
+   251,
-   15,
    127,
+   240,
+   135,
-   126,
-   239,
-   159,
    243,
+   49,
+   31,
+   249,
+   97,
+   188,
+   216,
+   99,
+   31,
+   195,
+   255,
+   10,
+   223,
+   253,
+   102,
-   130,
-   124,
-   231,
-   27,
-   125,
-   39,
-   175,
    112,
+   235,
-   221,
-   43,
-   240,
-   63,
-   209,
-   31,
-   63,
-   237,
-   60,
    239,
+   243,
+   2,
+   189,
+   247,
+   47,
+   192,
+   131,
+   95,
+   157,
-   252,
-   173,
-   127,
-   204,
-   11,
-   242,
-   202,
-   15,
-   61,
-   201,
-   15,
-   127,
-   224,
    171,
+   174,
-   112,
-   213,
-   255,
-   106,
-   200,
-   182,
-   249,
-   55,
    186,
+   234,
+   170,
+   171,
+   174,
+   122,
+   17,
+   33,
+   219,
+   230,
+   191,
+   216,
    251,
-   158,
-   123,
-   249,
-   208,
-   143,
-   248,
-   104,
-   190,
-   239,
-   187,
-   190,
-   157,
-   173,
-   173,
-   77,
-   126,
-   228,
-   199,
-   126,
-   130,
-   39,
-   61,
-   249,
-   41,
-   124,
-   198,
-   167,
-   126,
-   18,
-   47,
-   204,
-   251,
    127,
    240,
    135,
    243,
    49,
...
    195,
-   85,
    255,
+   10,
+   223,
+   253,
+   102,
+   112,
-   249,
-   94,
-   226,
-   123,
-   94,
-   130,
-   23,
-   230,
-   239,
-   222,
    235,
    239,
+   243,
+   2,
+   189,
+   247,
+   47,
+   192,
+   131,
+   95,
+   157,
+   171,
+   174,
+   186,
-   248,
-   159,
    234,
+   170,
+   171,
+   174,
+   122,
+   17,
+   33,
+   219,
+   230,
-   27,
-   255,
-   250,
-   27,
-   249,
-   166,
    191,
+   216,
+   251,
+   127,
+   240,
+   135,
+   243,
+   49,
+   31,
    249,
-   38,
-   94,
-   144,
-   15,
-   121,
-   169,
-   15,
-   225,
-   67,
-   95,
-   250,
-   67,
-   249,
-   159,
-   234,
-   37,
-   190,
-   231,
-   37,
-   120,
    97,
+   188,
+   216,
+   99,
+   31,
+   195,
-   254,
-   238,
-   189,
-   254,
-   142,
    255,
+   10,
-   169,
-   254,
-   236,
-   158,
-   63,
-   227,
-   125,
-   127,
-   229,
-   125,
-   121,
-   65,
-   94,
-   254,
-   218,
-   151,
-   231,
-   187,
-   222,
-   248,
-   187,
-   248,
-   159,
-   234,
-   125,
-   126,
-   249,
-   125,
-   248,
-   243,
-   123,
-   255,
-   156,
-   23,
-   228,
-   59,
    223,
+   253,
+   102,
+   112,
-   232,
-   59,
-   121,
-   133,
    235,
+   239,
+   243,
+   2,
+   189,
+   247,
+   47,
+   192,
+   131,
-   94,
-   129,
-   255,
-   137,
-   254,
-   248,
-   105,
-   231,
-   121,
-   231,
-   111,
-   253,
-   99,
-   94,
-   144,
-   87,
-   126,
-   232,
-   73,
-   126,
-   248,
-   3,
    95,
+   157,
-   133,
    171,
+   174,
+   186,
+   234,
+   170,
+   171,
+   174,
+   122,
+   17,
+   33,
+   219,
+   230,
-   254,
-   87,
-   67,
-   182,
-   205,
    191,
-   209,
-   143,
-   252,
    216,
+   251,
+   127,
-   79,
    240,
+   135,
+   243,
+   49,
+   31,
+   249,
-   164,
-   39,
-   63,
-   133,
-   207,
-   248,
-   212,
-   79,
-   2,
-   224,
-   224,
-   224,
-   144,
-   215,
-   127,
-   147,
-   183,
-   224,
-   143,
-   127,
-   239,
-   55,
-   121,
    97,
+   188,
+   216,
+   99,
+   31,
+   195,
-   222,
    255,
+   10,
-   131,
-   63,
-   156,
-   143,
-   249,
-   200,
-   15,
-   227,
-   197,
-   30,
-   251,
-   24,
-   174,
-   250,
-   207,
-   247,
-   18,
    223,
+   253,
+   102,
+   112,
+   235,
+   239,
    243,
+   2,
+   189,
-   18,
-   188,
-   48,
-   127,
    247,
+   47,
+   192,
+   131,
+   95,
+   157,
+   171,
+   174,
+   186,
+   234,
+   170,
+   171,
+   174,
+   122,
+   17,
+   33,
+   219,
+   230,
+   191,
+   216,
+   251,
-   94,
    127,
+   240,
+   135,
+   243,
+   49,
-   199,
-   255,
-   84,
-   223,
-   248,
-   215,
-   223,
-   200,
-   55,
-   253,
-   205,
-   55,
-   241,
-   130,
-   124,
-   200,
-   75,
-   125,
-   8,
    31,
+   249,
+   97,
+   188,
+   216,
+   99,
-   250,
-   210,
    31,
+   195,
-   202,
    255,
+   10,
-   84,
-   47,
-   241,
-   61,
-   47,
-   193,
-   11,
-   243,
-   119,
-   239,
-   245,
-   119,
-   252,
-   79,
-   245,
-   103,
-   247,
-   252,
-   25,
-   239,
-   251,
-   43,
-   239,
-   203,
-   11,
-   242,
-   242,
-   215,
-   190,
-   60,
    223,
+   253,
+   102,
+   112,
+   235,
-   245,
-   198,
-   223,
-   197,
-   255,
-   84,
    239,
    243,
+   2,
+   189,
+   247,
+   47,
+   192,
+   131,
+   95,
+   157,
+   171,
+   174,
+   186,
+   234,
+   170,
+   171,
+   174,
+   122,
+   17,
+   33,
+   219,
+   230,
+   191,
+   216,
-   203,
-   239,
-   195,
-   159,
-   223,
    251,
-   231,
-   188,
-   32,
-   223,
-   249,
-   70,
-   223,
-   201,
-   43,
-   92,
-   247,
-   10,
-   252,
-   79,
-   244,
-   199,
-   79,
-   59,
-   207,
-   59,
    127,
+   240,
+   135,
+   243,
+   49,
-   235,
    31,
+   249,
+   97,
-   243,
-   130,
    188,
+   216,
+   99,
+   31,
-   242,
-   67,
-   79,
-   242,
    195,
+   255,
+   10,
+   223,
-   31,
-   248,
-   42,
-   92,
-   245,
-   191,
-   26,
-   178,
-   109,
-   254,
-   141,
-   190,
    253,
+   102,
+   112,
+   235,
+   239,
+   243,
+   2,
+   189,
+   247,
+   47,
+   192,
+   131,
+   95,
+   157,
+   171,
+   174,
+   186,
+   234,
+   170,
+   171,
+   174,
+   122,
+   17,
+   33,
+   219,
+   230,
-   59,
    191,
+   216,
+   251,
-   7,
-   128,
-   247,
    127,
+   240,
+   135,
+   243,
+   49,
-   223,
-   247,
-   226,
-   126,
-   175,
-   252,
-   26,
-   175,
-   203,
    31,
-   255,
-   222,
-   111,
-   242,
-   64,
-   143,
-   127,
-   194,
-   19,
    249,
+   97,
-   250,
-   111,
-   252,
-   22,
-   238,
-   119,
-   219,
-   29,
-   119,
-   240,
-   197,
-   159,
-   255,
-   57,
    188,
    216,
    99,
    31,
    195,
    255,
+   10,
+   223,
-   6,
-   143,
-   187,
-   123,
-   143,
    253,
+   102,
+   112,
-   213,
-   196,
-   11,
-   242,
-   152,
    235,
+   239,
+   243,
+   2,
+   189,
+   247,
+   47,
+   192,
+   131,
-   119,
-   216,
-   153,
-   87,
-   254,
-   167,
-   122,
-   159,
    95,
+   157,
+   171,
+   174,
+   186,
+   234,
+   170,
+   171,
+   174,
-   126,
-   31,
-   94,
-   152,
-   239,
    122,
+   17,
+   33,
+   219,
+   230,
+   191,
+   216,
+   251,
-   227,
-   239,
-   226,
    127,
-   170,
-   159,
-   121,
-   202,
-   207,
    240,
+   135,
-   211,
-   79,
-   249,
-   105,
-   94,
-   144,
-   183,
-   126,
-   248,
-   91,
    243,
+   49,
-   86,
-   15,
-   127,
-   43,
-   254,
-   167,
-   122,
-   159,
-   95,
-   126,
    31,
+   249,
+   97,
+   188,
+   216,
+   99,
+   31,
+   195,
+   255,
+   10,
+   223,
+   253,
+   102,
+   112,
+   235,
-   94,
-   152,
    239,
+   243,
+   2,
+   189,
+   247,
+   47,
+   192,
+   131,
-   122,
-   227,
-   239,
-   226,
-   127,
-   170,
-   39,
-   94,
-   120,
-   34,
    95,
+   157,
+   171,
+   174,
+   186,
-   252,
-   167,
-   95,
-   204,
-   11,
-   242,
-   232,
-   147,
-   143,
-   230,
-   147,
-   94,
-   241,
-   147,
-   248,
-   159,
    234,
+   170,
+   171,
+   174,
-   75,
-   254,
-   244,
-   75,
-   120,
-   194,
-   133,
-   39,
-   240,
-   130,
-   124,
-   242,
-   43,
-   126,
-   50,
-   143,
-   58,
-   249,
-   40,
-   254,
-   39,
    122,
+   17,
+   33,
-   220,
-   221,
-   123,
-   124,
-   238,
-   207,
-   253,
-   3,
-   47,
-   200,
-   99,
-   175,
-   63,
-   198,
-   103,
-   190,
-   197,
-   99,
-   185,
-   234,
-   127,
-   53,
-   100,
    219,
+   230,
+   191,
+   216,
-   252,
-   27,
-   125,
    251,
+   127,
+   240,
+   135,
+   243,
+   49,
+   31,
-   119,
-   126,
-   15,
-   0,
-   239,
-   255,
-   190,
-   239,
-   197,
-   253,
-   94,
    249,
+   97,
+   188,
+   216,
-   53,
-   94,
-   151,
-   95,
-   255,
-   165,
-   159,
    99,
-   107,
-   107,
-   147,
-   251,
-   237,
-   237,
-   239,
-   243,
-   148,
-   167,
-   60,
-   141,
-   251,
-   125,
-   229,
-   215,
-   124,
-   61,
-   159,
-   242,
-   137,
    31,
+   195,
-   203,
-   139,
-   61,
-   246,
-   49,
-   252,
-   111,
-   240,
-   206,
-   223,
-   250,
-   71,
-   252,
-   241,
-   211,
-   46,
-   240,
-   130,
-   252,
-   240,
-   7,
-   190,
-   50,
-   175,
-   252,
-   208,
-   83,
-   92,
-   117,
-   213,
-   85,
-   87,
-   93,
-   117,
-   213,
-   139,
-   8,
-   217,
-   54,
    255,
+   10,
-   70,
    223,
+   253,
+   102,
+   112,
+   235,
+   239,
-   254,
-   157,
-   223,
-   195,
-   254,
-   193,
-   1,
-   31,
    243,
+   2,
-   145,
-   31,
-   198,
-   253,
-   94,
-   249,
-   53,
-   94,
-   151,
-   63,
-   254,
    189,
+   247,
+   47,
+   192,
+   131,
+   95,
-   223,
-   228,
-   133,
-   121,
-   255,
-   15,
-   254,
-   112,
-   62,
-   230,
-   35,
-   63,
-   140,
-   23,
-   123,
-   236,
-   99,
-   248,
-   223,
-   224,
    157,
-   191,
-   245,
-   143,
-   248,
-   227,
-   167,
-   93,
-   224,
-   5,
-   249,
-   225,
-   15,
-   124,
-   101,
-   94,
-   249,
-   161,
-   167,
-   184,
-   234,
-   170,
    171,
    174,
    186,
    234,
    170,
+   171,
+   174,
+   122,
-   23,
    17,
+   33,
+   219,
+   230,
-   178,
-   109,
-   254,
-   141,
-   158,
-   252,
-   148,
-   167,
-   242,
-   121,
-   95,
-   248,
-   37,
-   124,
-   239,
-   119,
-   126,
-   43,
-   0,
    191,
+   216,
    251,
-   123,
    127,
+   240,
+   135,
-   192,
-   183,
-   125,
-   231,
-   119,
    243,
+   49,
+   31,
+   249,
+   97,
-   125,
-   223,
-   245,
-   109,
    188,
+   216,
+   99,
-   48,
-   239,
-   255,
-   193,
    31,
+   195,
-   206,
-   199,
-   124,
-   228,
-   135,
-   241,
-   98,
-   143,
-   125,
-   12,
    255,
+   10,
+   223,
+   253,
+   102,
+   112,
+   235,
+   239,
-   27,
-   188,
    243,
+   2,
+   189,
+   247,
+   47,
+   192,
+   131,
+   95,
+   157,
+   171,
+   174,
+   186,
+   234,
+   170,
+   171,
+   174,
+   122,
-   183,
-   254,
    17,
+   33,
+   219,
+   230,
+   191,
+   216,
+   251,
    127,
+   240,
+   135,
+   243,
+   49,
-   252,
-   180,
-   11,
-   188,
-   32,
-   63,
-   252,
-   129,
-   175,
-   204,
-   43,
-   63,
-   244,
-   20,
-   87,
-   93,
-   117,
-   213,
-   85,
-   87,
-   93,
-   245,
-   34,
-   66,
-   182,
-   205,
-   191,
-   195,
-   231,
-   125,
-   225,
-   151,
-   112,
-   112,
-   120,
-   200,
-   35,
    31,
-   254,
-   112,
-   126,
-   254,
-   151,
-   126,
-   153,
-   143,
    249,
-   136,
-   15,
-   227,
-   53,
-   95,
-   227,
-   213,
-   120,
    97,
+   188,
+   216,
+   99,
+   31,
+   195,
-   222,
    255,
+   10,
+   223,
+   253,
+   102,
+   112,
+   235,
+   239,
+   243,
+   2,
+   189,
+   247,
+   47,
+   192,
    131,
-   63,
-   156,
-   143,
-   249,
-   200,
-   15,
-   227,
-   197,
-   30,
-   251,
-   24,
-   254,
-   55,
-   120,
-   231,
-   111,
-   253,
-   35,
-   254,
-   248,
-   105,
-   23,
-   120,
-   65,
-   126,
-   248,
-   3,
    95,
+   157,
+   171,
-   153,
-   87,
-   126,
-   232,
-   41,
    174,
    186,
    234,
    170,
    171,
    174,
+   122,
+   17,
+   33,
+   219,
+   230,
+   191,
+   216,
+   251,
-   186,
-   234,
-   69,
-   132,
-   108,
-   155,
    127,
+   240,
+   135,
+   243,
+   49,
+   31,
+   249,
+   97,
+   188,
+   216,
+   99,
+   31,
+   195,
+   255,
+   10,
-   167,
    223,
    253,
+   102,
+   112,
+   235,
+   239,
+   243,
+   2,
    189,
+   247,
-   63,
-   224,
-   73,
-   79,
-   126,
-   10,
    47,
+   192,
+   131,
+   95,
-   251,
-   50,
-   47,
-   205,
-   203,
-   190,
-   204,
-   75,
-   241,
-   47,
-   121,
-   255,
-   15,
-   254,
-   112,
-   62,
-   230,
-   35,
-   63,
-   140,
-   23,
-   123,
-   236,
-   99,
-   248,
-   223,
-   224,
    157,
-   191,
-   245,
-   143,
-   248,
-   227,
-   167,
-   93,
-   224,
-   5,
-   249,
-   225,
-   15,
-   124,
-   101,
-   94,
-   249,
-   161,
-   167,
-   184,
-   234,
-   170,
    171,
    174,
    186,
    234,
    170,
+   171,
+   174,
+   122,
-   23,
    17,
+   33,
+   219,
+   230,
+   191,
+   216,
+   251,
-   178,
-   109,
-   254,
-   139,
-   189,
-   255,
-   7,
    127,
+   240,
+   135,
-   56,
-   31,
    243,
+   49,
-   145,
    31,
+   249,
+   97,
+   188,
+   216,
+   99,
+   31,
+   195,
+   255,
+   10,
-   198,
-   139,
-   61,
-   246,
-   49,
-   252,
-   111,
-   240,
-   206,
    223,
+   253,
+   102,
+   112,
+   235,
+   239,
+   243,
+   2,
+   189,
+   247,
+   47,
+   192,
-   250,
-   71,
-   252,
-   241,
-   211,
-   46,
-   240,
-   130,
-   252,
-   240,
-   7,
-   190,
-   50,
-   175,
-   252,
-   208,
-   83,
-   92,
-   117,
-   213,
-   85,
-   87,
-   93,
-   117,
-   213,
-   139,
-   8,
-   217,
-   54,
-   255,
-   197,
-   222,
-   255,
    131,
-   63,
-   156,
-   143,
-   249,
-   200,
-   15,
-   227,
-   197,
-   30,
-   251,
-   24,
-   254,
-   55,
-   120,
-   231,
-   111,
-   253,
-   35,
-   254,
-   248,
-   105,
-   23,
-   120,
-   65,
-   126,
-   248,
-   3,
    95,
+   157,
+   171,
-   153,
-   87,
-   126,
-   232,
-   41,
    174,
    186,
    234,
    170,
    171,
    174,
+   122,
+   17,
+   33,
+   219,
+   230,
+   191,
+   216,
+   251,
+   127,
+   240,
-   186,
-   234,
-   69,
-   132,
-   108,
-   155,
-   255,
-   98,
-   239,
-   255,
-   193,
-   31,
-   206,
-   199,
-   124,
-   228,
    135,
-   241,
-   98,
-   143,
-   125,
-   12,
-   255,
-   27,
-   188,
    243,
+   49,
+   31,
+   249,
+   97,
-   183,
-   254,
-   17,
-   127,
-   252,
-   180,
-   11,
    188,
+   216,
-   32,
-   63,
-   252,
-   129,
-   175,
-   204,
-   43,
-   63,
-   244,
-   20,
-   87,
-   93,
-   117,
-   213,
-   85,
-   87,
-   93,
-   245,
-   34,
-   66,
-   182,
-   205,
-   127,
-   177,
-   247,
-   255,
-   224,
-   15,
-   231,
    99,
+   31,
-   62,
-   242,
    195,
-   120,
-   177,
-   199,
-   62,
-   134,
    255,
+   10,
+   223,
+   253,
+   102,
+   112,
+   235,
+   239,
+   243,
+   2,
+   189,
+   247,
+   47,
-   13,
-   222,
-   249,
-   91,
-   255,
-   136,
-   63,
-   126,
-   218,
-   5,
-   94,
-   144,
-   31,
-   254,
    192,
+   131,
+   95,
+   157,
-   87,
-   230,
-   149,
-   31,
-   122,
-   138,
    171,
    174,
    186,
    234,
    170,
...
    255,
+   10,
+   223,
+   253,
+   102,
+   112,
+   235,
-   6,
    239,
+   243,
-   252,
-   173,
-   127,
-   196,
-   31,
-   63,
-   237,
    2,
+   189,
+   247,
    47,
+   192,
+   131,
-   200,
-   15,
-   127,
-   224,
-   43,
-   243,
-   202,
-   15,
-   61,
-   197,
-   85,
-   87,
-   93,
-   117,
-   213,
-   85,
-   87,
-   189,
-   136,
-   144,
-   109,
-   243,
    95,
+   157,
-   236,
-   253,
-   63,
-   248,
-   195,
-   249,
-   152,
-   143,
-   252,
-   48,
-   94,
-   236,
-   177,
-   143,
-   225,
-   127,
-   131,
-   119,
-   254,
-   214,
-   63,
-   226,
-   143,
-   159,
-   118,
-   129,
-   23,
-   228,
-   135,
-   63,
-   240,
-   149,
-   121,
-   229,
-   135,
-   158,
-   226,
-   170,
    171,
    174,
    186,
    234,
    170,
    171,
+   174,
+   122,
+   17,
+   33,
+   219,
+   230,
+   191,
-   94,
-   68,
-   200,
-   182,
-   249,
-   47,
-   246,
-   254,
-   31,
-   252,
-   225,
-   124,
-   204,
-   71,
-   126,
-   24,
-   47,
-   246,
    216,
+   251,
+   127,
-   199,
    240,
+   135,
+   243,
+   49,
-   191,
-   193,
-   59,
-   127,
-   235,
    31,
+   249,
+   97,
+   188,
+   216,
+   99,
+   31,
-   241,
-   199,
-   79,
-   187,
-   192,
-   11,
-   242,
    195,
-   31,
-   248,
-   202,
-   188,
-   242,
-   67,
-   79,
-   113,
-   213,
-   85,
-   87,
-   93,
-   117,
-   213,
-   85,
-   47,
-   34,
-   100,
-   219,
-   252,
-   23,
-   123,
    255,
+   10,
+   223,
+   253,
+   102,
-   15,
-   254,
    112,
+   235,
+   239,
+   243,
+   2,
+   189,
+   247,
+   47,
+   192,
+   131,
+   95,
-   62,
-   230,
-   35,
-   63,
-   140,
-   23,
-   123,
-   236,
-   99,
-   248,
-   223,
-   224,
    157,
-   191,
-   245,
-   143,
-   248,
-   227,
-   167,
-   93,
-   224,
-   5,
-   249,
-   225,
-   15,
-   124,
-   101,
-   94,
-   249,
-   161,
-   167,
-   184,
-   234,
-   170,
    171,
    174,
    186,
    234,
    170,
+   171,
+   174,
+   122,
-   23,
    17,
+   33,
+   219,
+   230,
+   191,
+   216,
+   251,
-   178,
-   109,
-   254,
-   139,
-   189,
-   255,
-   7,
    127,
+   240,
+   135,
-   56,
-   31,
    243,
+   49,
-   145,
    31,
+   249,
+   97,
+   188,
+   216,
+   99,
+   31,
+   195,
+   255,
+   10,
-   198,
-   139,
-   61,
-   246,
-   49,
-   252,
-   111,
-   240,
-   206,
    223,
+   253,
+   102,
+   112,
+   235,
+   239,
+   243,
+   2,
+   189,
+   247,
+   47,
+   192,
-   250,
-   71,
-   252,
-   241,
-   211,
-   46,
-   240,
-   130,
-   252,
-   240,
-   7,
-   190,
-   50,
-   175,
-   252,
-   208,
-   83,
-   92,
-   117,
-   213,
-   85,
-   87,
-   93,
-   117,
-   213,
-   139,
-   8,
-   217,
-   54,
-   255,
-   197,
-   222,
-   255,
    131,
-   63,
-   156,
-   143,
-   249,
-   200,
-   15,
-   227,
-   197,
-   30,
-   251,
-   24,
-   254,
-   55,
-   120,
-   231,
-   111,
-   253,
-   35,
-   254,
-   248,
-   105,
-   23,
-   120,
-   65,
-   126,
-   248,
-   3,
    95,
+   157,
+   171,
-   153,
-   87,
-   126,
-   232,
-   41,
    174,
    186,
    234,
    170,
    171,
    174,
+   122,
+   17,
+   33,
+   219,
+   230,
+   191,
+   216,
+   251,
+   127,
+   240,
-   186,
-   234,
-   69,
-   132,
-   108,
-   155,
-   255,
-   98,
-   239,
-   255,
-   193,
-   31,
-   206,
-   199,
-   124,
-   228,
    135,
-   241,
-   98,
-   143,
-   125,
-   12,
-   255,
-   27,
-   188,
    243,
+   49,
+   31,
+   249,
+   97,
-   183,
-   254,
-   17,
-   127,
-   252,
-   180,
-   11,
    188,
+   216,
-   32,
-   63,
-   252,
-   129,
-   175,
-   204,
-   43,
-   63,
-   244,
-   20,
-   87,
-   93,
-   117,
-   213,
-   85,
-   87,
-   93,
-   245,
-   34,
-   66,
-   182,
-   205,
-   127,
-   177,
-   247,
-   255,
-   224,
-   15,
-   231,
    99,
+   31,
-   62,
-   242,
    195,
-   120,
-   177,
-   199,
-   62,
-   134,
    255,
+   10,
+   223,
+   253,
+   102,
+   112,
+   235,
+   239,
+   243,
+   2,
+   189,
+   247,
+   47,
-   13,
-   222,
-   249,
-   91,
-   255,
-   136,
-   63,
-   126,
-   218,
-   5,
-   94,
-   144,
-   31,
-   254,
    192,
+   131,
+   95,
+   157,
-   87,
-   230,
-   149,
-   31,
-   122,
-   138,
    171,
    174,
    186,
    234,
    170,
...
    6,
-   239,
-   252,
-   173,
-   127,
-   196,
-   31,
    63,
-   237,
-   2,
-   47,
-   200,
-   15,
-   127,
-   224,
-   43,
    243,
+   221,
+   175,
+   205,
-   202,
-   15,
-   61,
-   197,
-   85,
-   87,
    93,
+   151,
+   158,
+   198,
+   11,
+   242,
+   86,
+   111,
+   244,
+   245,
+   220,
+   240,
+   232,
+   183,
-   117,
-   213,
-   85,
-   87,
-   189,
-   136,
-   144,
-   109,
-   243,
-   95,
-   236,
-   253,
-   63,
-   248,
-   195,
-   249,
-   152,
-   143,
-   252,
-   48,
-   94,
-   236,
-   177,
-   143,
-   225,
-   127,
-   131,
-   119,
-   254,
-   214,
-   63,
-   226,
-   143,
-   159,
-   118,
-   129,
-   23,
    228,
-   135,
-   63,
-   240,
-   149,
-   121,
-   229,
-   135,
-   158,
-   226,
    170,
    171,
    174,
    186,
    234,
...
    193,
+   251,
+   124,
+   247,
+   203,
+   243,
+   231,
+   90,
+   243,
+   130,
+   124,
+   231,
+   75,
+   125,
+   12,
+   175,
+   240,
+   210,
+   239,
+   203,
-   59,
-   127,
-   235,
-   31,
-   241,
-   199,
-   79,
-   187,
-   192,
-   11,
-   242,
-   195,
-   31,
-   248,
-   202,
-   188,
-   242,
-   67,
-   79,
-   113,
-   213,
    85,
    87,
    93,
    117,
    213,
    85,
+   87,
+   189,
+   136,
+   144,
+   109,
+   243,
+   95,
+   236,
+   253,
-   47,
-   34,
-   100,
-   219,
-   252,
-   23,
-   123,
-   255,
-   15,
-   254,
-   112,
-   62,
-   230,
-   35,
    63,
-   140,
-   23,
-   123,
-   236,
-   99,
    248,
+   195,
+   249,
+   152,
-   223,
-   224,
-   157,
-   191,
-   245,
    143,
+   252,
+   48,
+   94,
+   236,
+   177,
+   143,
+   225,
+   127,
+   131,
+   247,
+   249,
+   238,
+   151,
+   231,
+   207,
+   181,
+   230,
-   248,
-   227,
-   167,
-   93,
-   224,
    5,
    249,
+   206,
+   151,
+   250,
+   24,
+   94,
    225,
+   165,
+   223,
+   151,
-   15,
-   124,
-   101,
-   94,
-   249,
-   161,
-   167,
-   184,
-   234,
-   170,
    171,
    174,
    186,
    234,
    170,
+   171,
+   174,
+   122,
-   23,
    17,
+   33,
+   219,
+   230,
+   191,
+   216,
+   251,
-   178,
-   109,
-   254,
-   139,
-   189,
-   255,
-   7,
    127,
+   240,
+   135,
+   243,
+   49,
-   56,
    31,
+   249,
+   97,
+   188,
+   216,
+   99,
+   31,
+   195,
+   255,
+   6,
+   239,
    243,
+   221,
+   47,
+   207,
+   159,
+   107,
+   205,
+   11,
+   242,
+   157,
+   47,
+   245,
-   145,
-   31,
-   198,
-   139,
-   61,
-   246,
    49,
+   188,
+   194,
+   75,
+   191,
+   47,
+   87,
+   93,
-   252,
-   111,
-   240,
-   206,
-   223,
-   250,
-   71,
-   252,
-   241,
-   211,
-   46,
-   240,
-   130,
-   252,
-   240,
-   7,
-   190,
-   50,
-   175,
-   252,
-   208,
-   83,
-   92,
    117,
    213,
    85,
    87,
    93,
+   245,
+   34,
+   66,
+   182,
+   205,
+   127,
+   177,
+   247,
-   117,
-   213,
-   139,
-   8,
-   217,
-   54,
    255,
+   224,
-   197,
-   222,
-   255,
-   131,
-   63,
-   156,
-   143,
-   249,
-   200,
    15,
+   231,
+   99,
+   62,
+   242,
+   195,
-   227,
-   197,
-   30,
-   251,
-   24,
-   254,
-   55,
    120,
+   177,
+   199,
+   62,
+   134,
+   255,
+   13,
+   222,
    231,
+   187,
+   95,
+   158,
+   63,
+   215,
+   154,
-   111,
-   253,
-   35,
-   254,
-   248,
-   105,
    23,
+   228,
+   59,
+   95,
+   234,
+   99,
    120,
+   133,
+   151,
-   65,
    126,
-   248,
-   3,
    95,
-   153,
-   87,
-   126,
-   232,
-   41,
    174,
    186,
    234,
    170,
    171,
...
    188,
+   207,
+   119,
+   191,
+   60,
-   243,
-   183,
-   254,
-   17,
    127,
+   174,
+   53,
+   47,
+   200,
+   119,
+   190,
+   212,
+   199,
+   240,
+   10,
+   47,
+   253,
+   190,
+   92,
-   252,
-   180,
-   11,
-   188,
-   32,
-   63,
-   252,
-   129,
-   175,
-   204,
-   43,
-   63,
-   244,
-   20,
-   87,
-   93,
    117,
    213,
    85,
    87,
    93,
+   117,
+   213,
+   139,
+   8,
+   217,
+   54,
-   245,
-   34,
-   66,
-   182,
-   205,
-   127,
-   177,
-   247,
    255,
+   197,
-   224,
-   15,
-   231,
-   99,
-   62,
-   242,
-   195,
-   120,
-   177,
-   199,
-   62,
-   134,
-   255,
-   13,
    222,
-   249,
-   91,
    255,
+   131,
-   136,
    63,
+   156,
+   143,
+   249,
+   200,
+   15,
+   227,
+   197,
+   30,
+   251,
+   24,
+   254,
+   55,
+   120,
+   159,
+   239,
    126,
+   121,
+   254,
+   92,
+   107,
-   218,
-   5,
    94,
    144,
+   239,
+   124,
+   169,
+   143,
+   225,
+   21,
+   94,
+   250,
+   125,
+   185,
+   234,
+   170,
-   31,
-   254,
-   192,
-   87,
-   230,
-   149,
-   31,
-   122,
-   138,
    171,
    174,
    186,
    234,
    170,
+   23,
-   171,
-   174,
-   122,
    17,
+   178,
+   109,
+   254,
+   139,
+   189,
-   33,
-   219,
-   230,
-   191,
-   216,
-   251,
-   127,
-   240,
-   135,
-   243,
-   49,
-   31,
-   249,
-   97,
-   188,
-   216,
-   99,
-   31,
-   195,
    255,
+   7,
-   6,
-   239,
-   252,
-   173,
    127,
+   56,
-   196,
    31,
-   63,
-   237,
-   2,
-   47,
-   200,
-   15,
-   127,
-   224,
-   43,
    243,
+   145,
+   31,
+   198,
+   139,
-   202,
-   15,
    61,
+   246,
+   49,
+   252,
+   111,
+   240,
+   62,
+   223,
-   197,
-   85,
-   87,
-   93,
-   117,
-   213,
-   85,
-   87,
-   189,
-   136,
-   144,
-   109,
-   243,
-   95,
-   236,
    253,
+   242,
-   63,
-   248,
-   195,
-   249,
-   152,
-   143,
    252,
+   185,
-   48,
-   94,
-   236,
-   177,
-   143,
-   225,
-   127,
-   131,
-   119,
-   254,
    214,
+   188,
+   32,
+   223,
-   63,
-   226,
-   143,
-   159,
-   118,
-   129,
-   23,
-   228,
-   135,
-   63,
-   240,
-   149,
-   121,
-   229,
-   135,
-   158,
-   226,
-   170,
-   171,
-   174,
-   186,
-   234,
-   170,
-   171,
-   94,
-   68,
-   200,
-   182,
    249,
+   82,
-   47,
-   246,
-   254,
    31,
-   252,
-   225,
-   124,
-   204,
-   71,
-   126,
-   24,
-   47,
-   246,
-   216,
-   199,
-   240,
-   191,
-   193,
-   59,
-   127,
-   235,
-   31,
-   241,
-   199,
-   79,
-   187,
-   192,
-   11,
-   242,
    195,
+   43,
-   31,
-   248,
-   202,
    188,
+   244,
+   251,
+   114,
-   242,
-   67,
-   79,
-   113,
    213,
    85,
    87,
    93,
    117,
...
    224,
+   125,
-   155,
    190,
-   250,
-   115,
-   89,
-   159,
-   191,
-   149,
-   23,
-   228,
-   181,
-   222,
-   225,
-   163,
-   120,
-   153,
-   151,
-   124,
-   41,
-   174,
-   186,
-   234,
-   170,
-   171,
-   174,
-   186,
-   234,
-   69,
-   132,
-   108,
-   155,
-   255,
-   98,
-   239,
-   255,
-   193,
-   31,
-   206,
-   199,
-   124,
-   228,
-   135,
-   241,
-   98,
-   143,
-   125,
-   12,
-   255,
-   27,
-   60,
-   238,
-   139,
-   94,
-   131,
-   199,
-   174,
-   255,
-   150,
-   23,
-   228,
-   113,
-   111,
-   244,
-   67,
-   60,
-   246,
-   85,
-   222,
-   148,
-   171,
-   174,
-   186,
-   234,
-   170,
-   171,
-   174,
-   122,
-   17,
-   33,
-   219,
-   230,
-   191,
-   216,
    251,
+   229,
-   127,
-   240,
-   135,
-   243,
-   49,
-   31,
    249,
+   115,
+   173,
-   97,
-   188,
-   216,
-   99,
-   31,
-   195,
-   255,
-   6,
-   143,
-   251,
-   162,
-   215,
-   224,
-   177,
-   235,
-   191,
-   229,
-   5,
    121,
+   65,
+   190,
+   243,
+   165,
+   62,
+   134,
+   87,
+   120,
+   233,
+   247,
-   220,
-   27,
-   253,
-   16,
-   143,
-   125,
-   149,
-   55,
    229,
    170,
    171,
    174,
    186,
...
    193,
+   251,
+   124,
-   227,
-   190,
-   232,
-   53,
-   120,
-   236,
-   250,
-   111,
-   121,
-   65,
-   30,
    247,
+   203,
+   243,
+   231,
+   90,
+   243,
+   130,
+   124,
+   231,
+   75,
+   125,
+   12,
+   175,
+   240,
+   210,
+   239,
+   203,
+   85,
+   87,
+   93,
+   117,
+   213,
+   85,
+   87,
+   189,
+   136,
+   144,
-   70,
-   63,
-   196,
-   99,
-   95,
-   229,
-   77,
-   185,
-   234,
-   170,
-   171,
-   174,
-   186,
-   234,
-   170,
-   23,
-   17,
-   178,
    109,
-   254,
-   139,
-   189,
-   255,
-   7,
-   127,
-   56,
-   31,
    243,
+   95,
+   236,
+   253,
+   63,
+   248,
+   195,
+   249,
+   152,
+   143,
-   145,
-   31,
-   198,
-   139,
-   61,
-   246,
-   49,
    252,
+   48,
-   111,
-   240,
-   184,
-   47,
-   122,
-   13,
-   30,
-   187,
-   254,
-   91,
    94,
+   236,
+   177,
-   144,
-   199,
-   189,
-   209,
-   15,
-   241,
-   216,
-   87,
-   121,
-   83,
-   174,
-   186,
-   234,
-   170,
-   171,
-   174,
-   186,
-   234,
-   69,
-   132,
-   108,
-   155,
-   255,
-   98,
-   239,
-   255,
-   193,
-   31,
-   206,
-   199,
-   124,
-   228,
-   135,
-   241,
-   98,
    143,
+   225,
+   127,
+   131,
+   247,
+   249,
-   125,
-   12,
-   255,
-   27,
-   60,
    238,
+   151,
+   231,
+   207,
+   181,
+   230,
+   5,
+   249,
+   206,
+   151,
+   250,
+   24,
-   139,
    94,
+   225,
+   165,
+   223,
+   151,
-   131,
-   199,
-   174,
-   255,
-   150,
-   23,
-   228,
-   113,
-   111,
-   244,
-   67,
-   60,
-   246,
-   85,
-   222,
-   148,
    171,
    174,
    186,
    234,
    170,
...
    6,
+   239,
+   243,
+   221,
-   143,
-   251,
-   162,
-   215,
-   224,
-   177,
-   235,
-   191,
-   229,
-   5,
-   121,
-   220,
-   27,
-   253,
-   16,
-   143,
-   125,
-   149,
-   55,
-   229,
-   170,
-   171,
-   174,
-   186,
-   234,
-   170,
-   171,
-   94,
-   68,
-   200,
-   182,
-   249,
    47,
+   207,
+   159,
+   107,
+   205,
+   11,
+   242,
+   157,
-   246,
-   254,
-   31,
-   252,
-   225,
-   124,
-   204,
-   71,
-   126,
-   24,
    47,
+   245,
+   49,
+   188,
+   194,
+   75,
-   246,
-   216,
-   199,
-   240,
    191,
+   47,
+   87,
+   93,
+   117,
+   213,
+   85,
+   87,
+   93,
+   245,
+   34,
+   66,
+   182,
+   205,
+   127,
+   177,
-   193,
-   227,
-   190,
-   232,
-   53,
-   120,
-   236,
-   250,
-   111,
-   121,
-   65,
-   30,
    247,
+   255,
+   224,
+   15,
+   231,
-   70,
-   63,
-   196,
    99,
+   62,
+   242,
+   195,
+   120,
+   177,
+   199,
+   62,
+   134,
-   95,
-   229,
-   77,
-   185,
-   234,
-   170,
-   171,
-   174,
-   186,
-   234,
-   170,
-   23,
-   17,
-   178,
-   109,
-   254,
-   139,
-   189,
    255,
-   7,
-   127,
-   56,
-   31,
-   243,
-   145,
-   31,
-   198,
-   139,
-   61,
-   246,
-   49,
-   252,
-   111,
-   240,
-   184,
-   47,
-   122,
    13,
+   222,
+   231,
-   30,
    187,
+   95,
+   158,
+   63,
+   215,
+   154,
+   23,
+   228,
+   59,
+   95,
+   234,
+   99,
+   120,
+   133,
+   151,
+   126,
+   95,
-   254,
-   91,
-   94,
-   144,
-   199,
-   189,
-   209,
-   15,
-   241,
-   216,
-   87,
-   121,
-   83,
    174,
    186,
    234,
    170,
    171,
...
    27,
+   188,
+   207,
+   119,
+   191,
    60,
+   127,
+   174,
+   53,
+   47,
+   200,
+   119,
+   190,
+   212,
+   199,
+   240,
+   10,
+   47,
+   253,
+   190,
+   92,
+   117,
+   213,
+   85,
+   87,
+   93,
+   117,
+   213,
-   238,
    139,
+   8,
+   217,
+   54,
-   94,
-   131,
-   199,
-   174,
    255,
+   197,
-   150,
-   23,
-   228,
-   113,
-   111,
-   244,
-   67,
-   60,
-   246,
-   85,
    222,
-   148,
-   171,
-   174,
-   186,
-   234,
-   170,
-   171,
-   174,
-   122,
-   17,
-   33,
-   219,
-   230,
-   191,
-   216,
-   251,
-   127,
-   240,
-   135,
-   243,
-   49,
-   31,
-   249,
-   97,
-   188,
-   216,
-   99,
-   31,
-   195,
    255,
+   131,
+   63,
+   156,
-   6,
    143,
+   249,
+   200,
+   15,
+   227,
+   197,
+   30,
    251,
+   24,
+   254,
+   55,
+   120,
+   159,
+   239,
+   126,
-   162,
-   215,
-   224,
-   177,
-   235,
-   191,
-   229,
-   5,
    121,
+   254,
+   92,
+   107,
+   94,
+   144,
+   239,
+   124,
+   169,
-   220,
-   27,
-   253,
-   16,
    143,
+   225,
+   21,
-   125,
-   149,
-   55,
-   229,
-   170,
-   171,
-   174,
-   186,
-   234,
-   170,
-   171,
    94,
-   68,
-   200,
-   182,
-   249,
-   47,
-   246,
-   254,
-   31,
-   252,
-   225,
-   124,
-   204,
-   71,
-   126,
-   24,
-   47,
-   246,
-   216,
-   199,
-   240,
-   191,
-   193,
-   227,
-   190,
-   232,
-   53,
-   120,
-   236,
    250,
+   125,
-   111,
-   121,
-   65,
-   30,
-   247,
-   70,
-   63,
-   196,
-   99,
-   95,
-   229,
-   77,
    185,
    234,
    170,
    171,
    174,
...
    240,
+   62,
+   223,
+   253,
+   242,
+   252,
+   185,
+   214,
+   188,
+   32,
+   223,
+   249,
+   82,
+   31,
+   195,
+   43,
+   188,
+   244,
+   251,
+   114,
+   213,
+   85,
+   87,
+   93,
+   117,
+   213,
+   85,
-   184,
    47,
+   34,
+   100,
+   219,
+   252,
+   59,
+   188,
+   193,
+   155,
+   190,
+   37,
+   143,
+   120,
-   122,
-   13,
-   30,
-   187,
-   254,
-   91,
-   94,
-   144,
-   199,
-   189,
-   209,
-   15,
-   241,
    216,
+   195,
+   184,
+   223,
-   87,
-   121,
-   83,
-   174,
-   186,
-   234,
-   170,
-   171,
-   174,
-   186,
-   234,
-   69,
-   132,
-   108,
    155,
+   189,
+   233,
+   27,
+   243,
+   102,
+   111,
+   242,
+   70,
+   188,
+   48,
-   255,
-   98,
    239,
    255,
    193,
    31,
    206,
...
    27,
+   188,
+   207,
+   119,
+   191,
    60,
+   127,
+   174,
+   53,
+   47,
+   200,
+   119,
+   190,
+   212,
+   199,
+   240,
+   10,
+   47,
+   253,
+   190,
+   92,
+   117,
+   213,
+   85,
+   87,
+   93,
+   117,
+   213,
-   238,
    139,
+   8,
+   217,
+   54,
-   94,
-   131,
-   199,
-   174,
    255,
+   14,
+   175,
+   252,
+   26,
+   175,
+   203,
-   150,
-   23,
-   228,
-   113,
-   111,
-   244,
-   67,
-   60,
-   246,
-   85,
-   222,
-   148,
-   171,
-   174,
-   186,
-   234,
-   170,
-   171,
-   174,
-   122,
-   17,
-   33,
-   219,
-   230,
-   191,
-   216,
-   251,
-   127,
-   240,
-   135,
-   243,
-   49,
    31,
-   249,
-   97,
-   188,
-   216,
-   99,
-   31,
-   195,
    255,
+   222,
+   111,
+   242,
+   175,
+   241,
-   6,
-   143,
-   251,
-   162,
-   215,
-   224,
-   177,
-   235,
-   191,
-   229,
-   5,
-   121,
-   220,
-   27,
-   253,
-   16,
-   143,
-   125,
-   149,
-   55,
-   229,
-   170,
-   171,
-   174,
-   186,
-   234,
-   170,
-   171,
-   94,
-   68,
-   200,
-   182,
-   249,
-   47,
-   246,
    254,
    31,
    252,
    225,
    124,
...
    193,
+   251,
+   124,
-   227,
-   190,
-   232,
-   53,
-   120,
-   236,
-   250,
-   111,
-   121,
-   65,
-   30,
    247,
+   203,
+   243,
-   70,
-   63,
-   196,
-   99,
-   95,
-   229,
-   77,
-   185,
-   234,
-   170,
-   171,
-   174,
-   186,
-   234,
-   170,
-   23,
-   17,
-   178,
-   109,
-   254,
-   29,
-   222,
-   224,
-   77,
-   223,
-   146,
-   71,
-   60,
-   236,
-   97,
-   220,
-   239,
-   205,
-   222,
-   244,
-   141,
-   121,
-   179,
-   55,
-   121,
-   35,
-   94,
-   152,
-   247,
-   255,
-   224,
-   15,
    231,
+   90,
+   243,
+   130,
+   124,
+   231,
+   75,
+   125,
+   12,
-   99,
-   62,
-   242,
-   195,
-   120,
-   177,
-   199,
-   62,
-   134,
-   255,
-   13,
-   30,
-   247,
-   69,
    175,
+   240,
+   210,
+   239,
-   193,
-   99,
-   215,
-   127,
    203,
-   11,
-   242,
-   184,
-   55,
-   250,
-   33,
-   30,
-   251,
-   42,
-   111,
-   202,
    85,
    87,
    93,
    117,
    213,
...
    27,
+   188,
+   207,
+   119,
+   191,
    60,
+   127,
-   238,
-   139,
-   94,
-   131,
-   199,
    174,
-   255,
-   150,
-   23,
-   228,
-   113,
-   111,
-   244,
-   67,
-   60,
-   246,
-   85,
-   222,
-   148,
-   171,
-   174,
-   186,
-   234,
-   170,
-   171,
-   174,
-   122,
-   17,
-   33,
-   219,
-   230,
-   223,
-   225,
-   149,
-   95,
-   227,
-   117,
-   249,
-   227,
-   223,
-   251,
-   77,
-   254,
    53,
-   222,
-   255,
-   131,
-   63,
-   156,
-   143,
-   249,
-   200,
-   15,
-   227,
-   197,
-   30,
-   251,
-   24,
-   254,
-   55,
-   120,
-   220,
-   23,
-   189,
-   6,
-   143,
-   93,
-   255,
-   45,
    47,
    200,
+   119,
+   190,
+   212,
-   227,
-   222,
-   232,
-   135,
-   120,
-   236,
-   171,
-   188,
-   41,
-   87,
-   93,
-   117,
-   213,
-   85,
-   87,
-   93,
-   245,
-   34,
-   66,
-   182,
-   205,
-   191,
-   209,
-   147,
-   159,
-   242,
-   84,
-   62,
-   244,
-   35,
-   63,
-   134,
-   71,
-   62,
-   252,
-   225,
-   0,
-   188,
-   236,
-   203,
-   188,
-   52,
-   239,
-   244,
-   14,
-   111,
    199,
+   240,
+   10,
+   47,
-   214,
-   214,
-   38,
-   15,
-   244,
-   164,
-   39,
-   63,
-   133,
-   239,
-   248,
-   238,
-   239,
-   229,
-   126,
-   143,
-   127,
-   226,
-   147,
-   248,
-   162,
-   207,
    253,
-   44,
-   94,
-   236,
-   177,
-   143,
-   225,
-   127,
-   131,
-   199,
-   125,
-   209,
-   107,
-   240,
-   216,
-   245,
-   223,
-   242,
-   130,
-   60,
-   238,
-   141,
-   126,
-   136,
-   199,
    190,
+   92,
+   117,
-   202,
-   155,
-   114,
    213,
    85,
    87,
    93,
    117,
    213,
+   139,
+   8,
+   217,
+   54,
+   255,
+   70,
-   85,
-   47,
-   34,
-   100,
-   219,
-   188,
-   16,
    79,
    126,
    202,
    83,
    249,
+   208,
+   143,
-   234,
-   175,
-   253,
-   6,
-   158,
-   219,
-   71,
-   127,
-   228,
-   135,
-   241,
-   136,
-   135,
-   63,
-   140,
-   191,
    252,
+   24,
+   30,
+   249,
+   240,
-   171,
-   191,
-   225,
-   250,
-   235,
-   175,
-   227,
-   238,
-   187,
-   239,
-   225,
    135,
+   3,
+   240,
+   178,
+   47,
+   243,
+   210,
+   188,
+   211,
+   59,
+   188,
+   29,
+   91,
+   91,
+   155,
-   127,
-   236,
-   199,
-   57,
    60,
+   208,
+   147,
+   158,
+   252,
+   20,
-   56,
-   228,
-   27,
    190,
+   227,
-   246,
-   43,
-   121,
-   160,
-   139,
    187,
+   191,
+   151,
-   187,
-   252,
-   221,
-   223,
-   253,
-   3,
-   247,
    251,
+   61,
+   254,
+   137,
+   79,
+   226,
+   139,
-   150,
-   111,
-   255,
-   78,
    62,
+   247,
+   179,
+   120,
+   177,
+   199,
-   245,
-   147,
    62,
+   134,
+   255,
+   13,
+   222,
+   231,
+   187,
+   95,
    158,
+   63,
+   215,
+   154,
    23,
+   228,
+   59,
+   95,
+   234,
-   123,
-   236,
    99,
+   120,
+   133,
+   151,
+   126,
+   95,
+   174,
+   186,
+   234,
+   170,
+   171,
+   174,
+   186,
+   234,
+   69,
+   132,
+   108,
+   155,
+   23,
+   226,
+   201,
+   79,
+   121,
+   42,
+   95,
+   253,
+   181,
-   248,
    223,
+   192,
+   115,
+   251,
+   232,
+   143,
+   252,
+   48,
+   30,
+   241,
+   240,
+   135,
+   241,
+   151,
+   127,
+   245,
+   55,
+   92,
+   127,
+   253,
+   117,
+   220,
+   125,
+   247,
+   61,
+   252,
+   240,
+   143,
+   253,
+   56,
+   135,
+   7,
+   135,
+   124,
+   195,
+   215,
+   126,
+   37,
+   15,
+   116,
+   113,
+   119,
+   151,
+   191,
+   251,
+   187,
+   127,
    224,
+   126,
+   223,
+   242,
+   237,
+   223,
+   201,
+   167,
+   126,
+   210,
+   199,
+   243,
+   98,
+   143,
+   125,
+   12,
+   255,
+   27,
+   188,
+   207,
+   119,
+   191,
-   113,
-   95,
-   244,
-   26,
    60,
+   127,
+   174,
+   53,
+   47,
+   200,
+   119,
+   190,
+   212,
+   199,
+   240,
+   10,
+   47,
-   118,
    253,
+   190,
-   183,
-   188,
-   32,
-   143,
-   123,
-   163,
-   31,
-   226,
-   177,
-   175,
-   242,
-   166,
    92,
    117,
    213,
    85,
    87,
...
    131,
+   247,
+   249,
-   199,
-   125,
-   209,
-   107,
-   240,
-   216,
-   245,
-   223,
-   242,
-   130,
-   60,
    238,
+   151,
+   231,
+   207,
+   181,
+   230,
+   5,
+   249,
-   141,
-   126,
-   136,
-   199,
-   190,
-   202,
-   155,
-   114,
-   213,
-   85,
-   87,
-   93,
-   117,
-   213,
-   85,
-   47,
-   34,
-   100,
-   219,
-   252,
-   7,
-   121,
-   242,
-   83,
-   158,
-   202,
-   135,
-   124,
-   196,
-   71,
-   243,
-   235,
-   191,
-   244,
-   115,
-   188,
-   48,
-   239,
-   255,
-   193,
-   31,
    206,
+   151,
+   250,
+   24,
-   199,
-   124,
-   228,
-   135,
-   241,
-   98,
-   143,
-   125,
-   12,
-   255,
-   27,
-   60,
-   238,
-   139,
    94,
+   225,
+   165,
+   223,
+   151,
-   131,
-   199,
-   174,
-   255,
-   150,
-   23,
-   228,
-   113,
-   111,
-   244,
-   67,
-   60,
-   246,
-   85,
-   222,
-   148,
    171,
    174,
    186,
    234,
    170,
...
    230,
+   63,
+   200,
+   147,
+   159,
-   223,
-   232,
-   23,
-   126,
-   233,
-   87,
-   120,
    242,
+   84,
+   62,
+   228,
-   83,
-   158,
-   202,
-   107,
-   189,
-   198,
-   171,
-   241,
-   164,
-   167,
-   60,
-   149,
-   31,
-   254,
-   209,
-   31,
-   231,
-   253,
-   223,
-   231,
-   189,
-   120,
-   179,
-   55,
-   121,
    35,
+   62,
+   154,
+   95,
-   94,
-   152,
-   247,
    255,
+   165,
+   159,
+   227,
+   133,
+   121,
+   255,
-   224,
    15,
+   254,
+   112,
+   62,
+   230,
+   35,
+   63,
+   140,
+   23,
+   123,
+   236,
-   231,
    99,
+   248,
+   223,
+   224,
+   125,
+   190,
+   251,
+   229,
+   249,
+   115,
+   173,
+   121,
+   65,
+   190,
+   243,
+   165,
    62,
+   134,
+   87,
-   242,
-   195,
    120,
+   233,
-   177,
-   199,
-   62,
-   134,
-   255,
-   13,
-   30,
    247,
+   229,
+   170,
+   171,
+   174,
+   186,
+   234,
+   170,
+   171,
+   94,
+   68,
+   200,
+   182,
+   249,
-   69,
-   175,
-   193,
-   99,
-   215,
-   127,
-   203,
-   11,
-   242,
-   184,
    55,
    250,
+   133,
+   95,
+   250,
+   21,
+   158,
+   252,
+   148,
+   167,
-   33,
-   30,
-   251,
-   42,
-   111,
-   202,
-   85,
-   87,
-   93,
-   117,
-   213,
-   85,
-   87,
-   189,
-   136,
-   144,
-   109,
-   243,
-   111,
-   116,
-   247,
-   61,
-   247,
    242,
+   90,
+   175,
+   241,
+   106,
+   60,
+   233,
+   41,
+   79,
+   229,
+   135,
+   127,
+   244,
+   199,
+   121,
+   255,
-   187,
-   191,
    247,
+   121,
-   251,
-   236,
-   239,
-   31,
-   0,
-   240,
-   178,
    47,
+   222,
-   243,
-   210,
-   188,
    236,
+   77,
+   222,
-   203,
-   188,
-   20,
-   255,
-   146,
-   247,
-   255,
-   224,
-   15,
-   231,
-   99,
-   62,
-   242,
-   195,
-   120,
-   177,
-   199,
-   62,
-   134,
-   255,
-   13,
-   30,
-   247,
-   69,
-   175,
-   193,
-   99,
-   215,
-   127,
-   203,
-   11,
-   242,
-   184,
-   55,
-   250,
-   33,
-   30,
-   251,
-   42,
-   111,
-   202,
-   85,
-   87,
-   93,
-   117,
-   213,
-   85,
-   87,
-   189,
    136,
+   23,
+   230,
-   144,
-   109,
-   243,
-   95,
-   236,
    253,
    63,
    248,
    195,
    249,
...
    131,
+   247,
+   249,
+   238,
+   151,
+   231,
+   207,
+   181,
+   230,
+   5,
+   249,
+   206,
+   151,
+   250,
+   24,
+   94,
+   225,
+   165,
-   199,
-   125,
-   209,
-   107,
-   240,
-   216,
-   245,
    223,
+   151,
+   171,
+   174,
+   186,
+   234,
+   170,
+   171,
+   174,
+   122,
+   17,
+   33,
-   242,
-   130,
-   60,
-   238,
-   141,
-   126,
-   136,
-   199,
-   190,
-   202,
-   155,
-   114,
-   213,
-   85,
-   87,
-   93,
-   117,
-   213,
-   85,
-   47,
-   34,
-   100,
    219,
-   252,
-   23,
-   123,
-   255,
-   15,
-   254,
-   112,
-   62,
    230,
+   223,
+   232,
+   238,
-   35,
-   63,
-   140,
-   23,
    123,
+   238,
+   229,
+   119,
+   127,
+   239,
+   247,
+   217,
-   236,
-   99,
-   248,
    223,
+   63,
+   0,
    224,
+   101,
-   113,
    95,
+   230,
+   165,
+   121,
+   217,
+   151,
+   121,
+   41,
+   254,
+   37,
+   239,
+   255,
+   193,
+   31,
+   206,
+   199,
+   124,
+   228,
+   135,
+   241,
+   98,
+   143,
+   125,
+   12,
+   255,
+   27,
+   188,
+   207,
+   119,
+   191,
-   244,
-   26,
    60,
+   127,
+   174,
+   53,
+   47,
+   200,
+   119,
+   190,
+   212,
+   199,
+   240,
+   10,
+   47,
-   118,
    253,
+   190,
-   183,
-   188,
-   32,
-   143,
-   123,
-   163,
-   31,
-   226,
-   177,
-   175,
-   242,
-   166,
    92,
    117,
    213,
    85,
    87,
...
    120,
+   159,
+   239,
+   126,
+   121,
+   254,
+   92,
+   107,
+   94,
+   144,
+   239,
+   124,
+   169,
+   143,
+   225,
+   21,
+   94,
+   250,
+   125,
+   185,
+   234,
+   170,
+   171,
+   174,
+   186,
+   234,
+   170,
-   220,
    23,
+   17,
+   178,
+   109,
+   254,
+   139,
    189,
-   6,
-   143,
-   93,
    255,
+   7,
+   127,
+   56,
+   31,
+   243,
+   145,
+   31,
+   198,
+   139,
+   61,
+   246,
+   49,
+   252,
+   111,
+   240,
+   62,
+   223,
+   253,
+   242,
+   252,
+   185,
+   214,
-   45,
-   47,
-   200,
-   227,
-   222,
-   232,
-   135,
-   120,
-   236,
-   171,
    188,
+   32,
+   223,
+   249,
+   82,
+   31,
+   195,
+   43,
+   188,
+   244,
+   251,
+   114,
+   213,
+   85,
-   41,
    87,
    93,
    117,
    213,
    85,
+   47,
-   87,
-   93,
-   245,
    34,
+   100,
+   219,
+   252,
+   23,
+   123,
-   66,
-   182,
-   205,
-   127,
-   177,
-   247,
    255,
-   224,
    15,
+   254,
+   112,
+   62,
+   230,
+   35,
+   63,
+   140,
+   23,
+   123,
+   236,
-   231,
    99,
+   248,
+   223,
+   224,
+   125,
+   190,
+   251,
+   229,
+   249,
+   115,
+   173,
+   121,
+   65,
+   190,
+   243,
+   165,
    62,
+   134,
+   87,
-   242,
-   195,
    120,
+   233,
+   247,
+   229,
+   170,
+   171,
+   174,
+   186,
+   234,
+   170,
+   171,
+   94,
+   68,
+   200,
+   182,
+   249,
+   47,
+   246,
+   254,
+   31,
+   252,
+   225,
+   124,
+   204,
+   71,
+   126,
+   24,
+   47,
+   246,
+   216,
-   177,
    199,
+   240,
+   191,
+   193,
+   251,
+   124,
-   62,
-   134,
-   255,
-   13,
-   30,
    247,
+   203,
+   243,
+   231,
+   90,
+   243,
+   130,
+   124,
+   231,
+   75,
+   125,
+   12,
-   69,
    175,
+   240,
+   210,
+   239,
-   193,
-   99,
-   215,
-   127,
    203,
-   11,
-   242,
-   184,
-   55,
-   250,
-   33,
-   30,
-   251,
-   42,
-   111,
-   202,
    85,
    87,
    93,
    117,
    213,
...
    131,
+   159,
+   249,
+   205,
+   79,
+   225,
+   206,
+   189,
+   103,
-   63,
-   255,
-   233,
-   111,
-   96,
-   186,
    240,
+   130,
+   188,
+   245,
+   43,
+   126,
+   44,
+   55,
+   220,
+   240,
+   242,
+   92,
+   117,
+   213,
-   116,
-   94,
-   144,
-   7,
-   191,
-   222,
-   7,
-   114,
-   221,
-   131,
-   30,
-   201,
    85,
    87,
    93,
    117,
    213,
+   139,
+   8,
+   217,
+   54,
+   255,
+   197,
+   222,
+   255,
+   131,
+   63,
+   156,
+   143,
+   249,
+   200,
+   15,
+   227,
+   197,
+   30,
+   251,
+   24,
+   174,
+   186,
+   234,
+   170,
+   171,
+   174,
+   186,
+   234,
+   255,
+   33,
+   100,
+   219,
+   252,
+   23,
+   123,
+   255,
+   15,
+   254,
+   112,
+   62,
+   230,
+   35,
+   63,
+   140,
+   23,
+   123,
+   236,
+   99,
+   184,
+   234,
+   170,
+   171,
+   174,
+   186,
+   234,
+   170,
+   255,
+   135,
-   85,
-   87,
-   189,
-   136,
    144,
    109,
    243,
    95,
    236,
...
    236,
+   11,
+   190,
-   253,
-   63,
    248,
+   203,
+   248,
+   243,
+   191,
-   195,
-   249,
-   152,
-   143,
    252,
+   75,
+   106,
+   169,
+   252,
+   111,
+   227,
+   52,
+   235,
+   97,
+   205,
+   124,
+   62,
+   231,
-   48,
-   94,
-   236,
-   177,
-   143,
-   225,
    170,
-   171,
-   174,
-   186,
-   234,
-   170,
-   171,
-   254,
-   31,
-   66,
-   182,
-   205,
-   127,
-   177,
-   247,
    255,
+   90,
+   146,
+   56,
+   60,
+   58,
+   98,
-   224,
-   15,
-   231,
    99,
-   62,
-   242,
-   195,
-   120,
    177,
+   224,
-   199,
-   62,
-   134,
-   171,
-   174,
-   186,
-   234,
    170,
+   255,
+   122,
    171,
+   213,
+   138,
-   174,
-   250,
-   127,
-   8,
    217,
+   108,
+   134,
+   36,
-   54,
-   255,
-   197,
-   190,
-   224,
-   139,
-   191,
-   140,
-   63,
-   255,
-   203,
-   191,
-   164,
-   150,
-   202,
-   255,
-   54,
-   78,
-   179,
-   30,
-   214,
-   204,
-   231,
-   115,
    174,
    250,
    175,
+   53,
+   12,
+   3,
+   165,
-   37,
-   137,
-   195,
-   163,
-   35,
-   54,
    22,
+   74,
+   20,
+   254,
+   55,
-   11,
-   174,
    250,
+   192,
+   247,
+   127,
+   95,
+   222,
+   224,
+   245,
+   94,
+   135,
+   171,
+   158,
+   3,
+   178,
+   109,
+   254,
+   139,
-   175,
-   183,
-   90,
    173,
+   215,
+   107,
+   206,
+   158,
+   59,
+   207,
-   152,
-   205,
-   102,
-   72,
-   226,
-   170,
    255,
+   70,
+   207,
-   90,
-   195,
-   48,
-   80,
-   106,
-   161,
-   68,
-   225,
-   127,
-   163,
-   15,
-   124,
-   255,
-   247,
-   229,
-   13,
-   94,
-   239,
-   117,
    184,
+   237,
+   54,
-   234,
-   57,
-   32,
-   219,
-   230,
-   191,
-   216,
-   122,
-   189,
-   230,
-   236,
-   185,
-   243,
-   252,
-   111,
-   244,
-   140,
-   219,
-   110,
-   227,
-   235,
    190,
+   238,
+   27,
+   190,
+   153,
-   225,
-   155,
-   249,
-   242,
    47,
+   255,
+   146,
+   47,
+   228,
+   170,
+   255,
+   90,
-   249,
-   66,
-   174,
-   250,
-   175,
-   149,
    153,
+   201,
+   187,
    188,
+   199,
-   203,
    123,
+   243,
+   35,
-   188,
-   55,
    63,
+   240,
+   189,
+   92,
-   242,
-   3,
-   223,
-   203,
-   85,
-   255,
    245,
+   95,
+   239,
+   163,
+   63,
+   238,
+   19,
+   249,
+   132,
-   62,
-   250,
-   227,
-   62,
-   145,
-   79,
-   248,
-   184,
    143,
+   251,
+   24,
+   110,
+   188,
    225,
+   122,
-   198,
-   27,
    174,
+   250,
+   175,
+   245,
+   21,
-   231,
-   170,
-   255,
-   90,
    95,
+   253,
+   181,
+   188,
+   218,
-   241,
-   213,
-   95,
-   203,
    171,
+   188,
+   10,
-   189,
-   202,
-   171,
-   240,
-   202,
    175,
-   244,
-   10,
    252,
+   74,
+   175,
+   192,
+   255,
+   70,
+   39,
+   79,
+   28,
+   103,
+   99,
+   99,
+   131,
+   171,
-   111,
-   116,
-   242,
-   196,
-   113,
-   54,
-   54,
-   54,
-   184,
-   234,
-   57,
-   32,
-   219,
-   230,
-   170,
-   23,
-   217,
-   83,
    158,
+   3,
+   178,
+   109,
+   174,
+   122,
+   145,
+   61,
+   229,
+   169,
+   79,
+   229,
+   115,
-   250,
-   84,
    62,
+   255,
+   139,
+   249,
+   190,
-   231,
-   243,
-   191,
-   152,
    239,
+   250,
+   54,
-   251,
    174,
+   250,
+   175,
+   149,
-   111,
-   227,
-   170,
-   255,
-   90,
    153,
-   201,
-   107,
    188,
+   198,
+   235,
+   190,
+   33,
+   127,
+   240,
+   219,
-   238,
-   27,
-   242,
-   7,
    191,
+   206,
+   85,
+   255,
-   253,
-   235,
-   92,
    245,
+   222,
+   249,
+   221,
-   95,
-   239,
-   157,
    223,
+   155,
+   47,
-   253,
-   189,
    249,
+   194,
-   146,
-   47,
-   252,
-   60,
-   30,
-   116,
-   203,
-   205,
-   92,
-   245,
-   95,
-   235,
-   83,
-   63,
-   243,
-   115,
-   120,
-   131,
-   215,
-   125,
-   29,
-   94,
-   231,
-   181,
-   95,
-   147,
-   171,
-   254,
    207,
+   227,
+   65,
+   183,
+   220,
+   204,
-   64,
-   182,
-   205,
    85,
-   47,
-   178,
-   167,
-   60,
-   245,
-   169,
-   124,
-   206,
-   231,
-   127,
-   49,
-   223,
-   247,
-   93,
-   223,
-   198,
-   85,
    255,
    181,
+   62,
+   245,
+   51,
+   63,
+   135,
+   55,
-   50,
-   147,
-   215,
    120,
    221,
+   215,
+   225,
+   117,
+   94,
-   55,
-   228,
-   15,
-   126,
    251,
+   53,
-   215,
    185,
    234,
+   255,
+   12,
+   100,
+   219,
+   92,
+   245,
+   34,
-   191,
-   222,
-   59,
-   191,
-   251,
    123,
+   202,
+   83,
+   159,
+   202,
+   231,
+   124,
+   254,
+   23,
    243,
+   125,
+   223,
+   245,
+   109,
+   92,
+   245,
-   37,
    95,
+   43,
+   51,
-   248,
    121,
+   141,
+   215,
+   125,
+   67,
+   254,
+   224,
+   183,
+   127,
+   157,
+   171,
+   254,
+   235,
+   189,
+   243,
+   187,
+   191,
+   55,
+   95,
+   242,
+   133,
+   159,
+   199,
+   131,
+   110,
-   60,
-   232,
-   150,
-   155,
    185,
+   153,
+   171,
+   254,
+   107,
+   125,
    234,
+   103,
-   191,
-   214,
-   167,
    126,
+   14,
+   111,
-   230,
-   231,
    240,
+   186,
-   6,
    175,
+   195,
+   235,
-   251,
-   58,
    188,
+   246,
-   206,
    107,
+   114,
+   213,
+   255,
+   25,
+   200,
+   182,
+   185,
+   234,
+   69,
+   118,
+   239,
+   125,
-   191,
-   38,
-   87,
-   253,
-   159,
-   129,
-   108,
-   155,
-   171,
-   94,
-   100,
    247,
+   241,
+   83,
-   222,
-   119,
-   31,
    63,
+   243,
+   115,
+   124,
+   240,
-   245,
-   51,
-   63,
-   199,
    7,
+   188,
+   31,
+   87,
+   253,
+   215,
-   127,
-   192,
    251,
+   220,
+   47,
+   248,
+   98,
+   62,
+   243,
+   211,
+   62,
+   153,
+   171,
+   254,
+   235,
+   125,
+   195,
+   55,
-   113,
-   213,
    127,
+   43,
+   239,
+   252,
+   14,
+   111,
-   189,
    207,
+   169,
+   83,
+   39,
-   253,
-   130,
-   47,
-   230,
-   51,
-   63,
-   237,
-   147,
    185,
    234,
    191,
+   214,
+   143,
-   222,
-   55,
-   124,
-   243,
-   183,
-   242,
-   206,
-   239,
-   240,
-   246,
-   156,
-   58,
-   117,
-   146,
-   171,
-   254,
-   107,
    253,
+   196,
-   216,
    79,
+   241,
+   226,
-   252,
-   20,
    47,
+   246,
+   88,
+   30,
+   243,
+   232,
+   71,
+   113,
+   213,
+   255,
+   25,
+   200,
+   182,
+   185,
+   234,
+   170,
+   171,
+   174,
+   186,
+   234,
+   170,
+   171,
    254,
+   43,
+   33,
+   219,
+   230,
+   170,
+   171,
+   174,
+   186,
+   234,
+   170,
+   171,
+   174,
+   250,
+   175,
+   132,
-   98,
-   143,
-   229,
-   49,
-   143,
-   126,
-   20,
-   87,
-   253,
-   159,
-   129,
    108,
    155,
    171,
    174,
    186,
...
    174,
+   122,
+   145,
+   29,
+   28,
+   28,
+   114,
+   247,
+   61,
+   247,
+   240,
+   136,
+   135,
+   63,
+   140,
-   186,
-   234,
-   170,
    171,
+   254,
+   107,
+   221,
+   125,
+   207,
+   189,
+   220,
+   115,
+   207,
+   61,
+   188,
+   204,
+   75,
+   191,
+   20,
+   87,
+   253,
+   247,
+   184,
+   251,
+   158,
+   123,
+   1,
+   184,
+   254,
-   174,
    186,
+   107,
-   234,
-   170,
-   255,
-   74,
-   200,
-   182,
    185,
    234,
+   191,
+   214,
+   95,
+   253,
+   245,
+   223,
+   0,
+   240,
+   50,
+   47,
+   253,
+   82,
+   92,
+   245,
+   127,
+   2,
+   178,
+   109,
-   170,
-   171,
    174,
+   122,
+   145,
+   252,
+   200,
+   143,
+   253,
+   4,
+   63,
+   252,
+   163,
+   63,
+   206,
+   245,
+   215,
+   93,
+   199,
+   193,
+   225,
-   186,
-   234,
-   170,
-   171,
-   254,
-   43,
    33,
+   95,
+   242,
+   133,
+   159,
+   199,
+   245,
+   215,
+   93,
+   203,
+   85,
+   255,
+   185,
+   14,
+   14,
+   14,
+   249,
+   164,
+   79,
+   253,
+   12,
+   246,
+   246,
+   247,
-   219,
-   230,
-   170,
-   23,
    217,
+   222,
+   218,
+   226,
+   201,
+   79,
+   125,
+   42,
+   159,
+   241,
+   41,
+   159,
+   196,
+   107,
+   190,
+   198,
+   171,
+   113,
+   213,
+   127,
+   157,
+   131,
+   131,
+   67,
+   222,
+   227,
+   125,
+   63,
+   128,
+   55,
+   123,
+   227,
+   55,
+   226,
+   253,
-   193,
-   193,
-   33,
-   119,
    223,
+   247,
+   189,
-   115,
-   15,
-   143,
-   120,
-   248,
-   195,
    184,
    234,
    191,
+   198,
+   47,
+   252,
+   210,
+   175,
+   240,
+   237,
+   223,
+   249,
-   214,
    221,
+   92,
-   247,
-   220,
-   203,
-   61,
-   247,
-   220,
-   195,
-   203,
-   188,
-   244,
-   75,
-   113,
-   213,
    127,
+   221,
+   117,
+   0,
+   124,
+   227,
+   215,
+   125,
+   21,
+   87,
+   253,
+   159,
-   143,
-   187,
-   239,
-   185,
-   23,
    128,
+   108,
+   155,
-   235,
-   175,
-   187,
-   150,
    171,
    254,
+   69,
+   119,
+   223,
+   115,
-   107,
-   253,
-   213,
-   95,
-   255,
-   13,
-   0,
    47,
+   239,
+   241,
+   62,
+   239,
+   207,
+   79,
-   243,
-   210,
-   47,
-   197,
-   85,
    255,
+   216,
+   15,
+   179,
+   181,
+   181,
-   39,
-   32,
-   219,
-   230,
-   170,
-   23,
    201,
    143,
    252,
    216,
    79,
    240,
+   164,
+   39,
-   195,
    63,
+   133,
+   207,
+   248,
+   212,
+   79,
+   226,
+   170,
+   255,
+   124,
-   250,
-   227,
-   92,
    127,
+   249,
+   87,
+   127,
+   195,
+   203,
+   190,
+   204,
+   75,
+   1,
+   240,
+   187,
+   191,
+   247,
+   7,
+   124,
+   251,
+   119,
+   125,
+   15,
+   223,
+   251,
+   157,
+   223,
+   202,
+   85,
+   255,
-   221,
    117,
+   62,
+   255,
+   139,
+   190,
+   148,
+   187,
+   238,
+   186,
+   155,
+   151,
+   125,
+   153,
+   151,
+   230,
+   253,
+   223,
+   247,
+   189,
+   184,
+   234,
+   63,
+   223,
-   28,
-   28,
-   30,
-   242,
-   37,
    95,
+   254,
+   213,
+   223,
+   240,
+   121,
+   95,
    248,
+   197,
+   124,
+   223,
+   119,
+   125,
+   59,
+   91,
+   91,
+   155,
-   121,
    92,
+   245,
    127,
+   10,
+   178,
+   109,
+   174,
+   250,
+   23,
+   253,
+   194,
+   47,
+   253,
+   10,
+   191,
+   243,
+   123,
+   191,
+   207,
+   151,
+   126,
+   225,
+   231,
+   1,
+   112,
+   112,
+   112,
+   200,
+   235,
+   191,
+   201,
+   91,
+   240,
+   199,
+   191,
+   247,
+   155,
-   221,
-   181,
    92,
    245,
+   95,
-   159,
    235,
+   47,
+   255,
+   234,
+   111,
+   248,
+   196,
-   224,
-   224,
-   144,
    79,
+   253,
+   116,
+   126,
+   253,
+   151,
+   126,
+   142,
+   171,
+   254,
+   107,
-   250,
-   212,
-   207,
-   96,
-   111,
-   127,
-   159,
-   237,
-   173,
-   45,
-   158,
    252,
+   238,
+   239,
-   212,
-   167,
-   242,
-   25,
-   159,
-   242,
-   73,
-   188,
-   230,
-   107,
-   188,
-   26,
-   87,
    253,
+   1,
+   63,
+   255,
+   75,
+   191,
+   204,
-   215,
-   57,
-   56,
-   56,
-   228,
-   61,
-   222,
-   247,
-   3,
-   120,
-   179,
-   55,
-   126,
    35,
+   31,
+   254,
+   112,
+   0,
    222,
    255,
    125,
    223,
    139,
    171,
    254,
+   243,
+   125,
+   222,
+   23,
+   126,
+   9,
-   107,
-   252,
-   194,
    47,
+   251,
+   50,
+   47,
-   253,
-   10,
-   223,
-   254,
-   157,
-   223,
    205,
+   155,
+   189,
+   201,
+   27,
-   245,
-   215,
-   93,
-   7,
-   192,
-   55,
-   126,
-   221,
-   87,
    113,
    213,
    255,
+   57,
-   9,
    200,
    182,
    185,
    234,
    95,
+   244,
+   237,
+   223,
+   249,
-   116,
-   247,
    61,
+   0,
+   188,
+   255,
+   251,
+   190,
+   23,
    247,
+   123,
+   229,
+   215,
+   120,
+   93,
+   126,
-   242,
-   30,
-   239,
-   243,
-   254,
-   252,
-   244,
-   143,
    253,
+   151,
+   126,
+   142,
+   173,
+   173,
+   77,
-   48,
-   91,
-   91,
-   155,
-   252,
-   200,
-   143,
-   253,
-   4,
-   79,
-   122,
-   242,
-   83,
-   248,
-   140,
-   79,
-   253,
-   36,
    174,
    250,
+   175,
+   243,
+   237,
+   223,
+   249,
+   61,
-   207,
-   247,
-   151,
-   127,
-   245,
-   55,
-   188,
    236,
+   31,
+   28,
-   203,
-   188,
-   20,
-   0,
-   191,
-   251,
-   123,
-   127,
-   192,
-   183,
-   127,
-   215,
-   247,
    240,
+   49,
+   31,
-   189,
-   223,
    249,
+   97,
-   173,
    92,
    245,
+   159,
+   239,
+   224,
+   224,
+   144,
+   247,
+   120,
+   159,
+   247,
-   95,
    231,
+   251,
+   190,
-   243,
-   191,
-   232,
-   75,
-   185,
    235,
+   219,
+   249,
+   225,
+   31,
+   253,
+   113,
+   0,
-   174,
-   187,
-   121,
-   217,
-   151,
-   121,
-   105,
    222,
    255,
    125,
    223,
    139,
...
    243,
+   189,
+   231,
-   253,
-   229,
-   95,
-   253,
-   13,
-   159,
-   247,
-   133,
-   95,
-   204,
-   247,
-   125,
-   215,
-   183,
-   179,
-   181,
-   181,
-   201,
-   85,
-   255,
-   167,
-   32,
-   219,
-   230,
-   170,
-   127,
-   209,
-   47,
-   252,
-   210,
-   175,
-   240,
-   59,
-   191,
-   247,
    251,
-   124,
-   233,
-   23,
    126,
+   32,
+   111,
+   246,
+   38,
+   111,
+   196,
-   30,
-   0,
-   7,
-   7,
-   135,
-   188,
-   254,
-   155,
-   188,
-   5,
-   127,
-   252,
-   123,
-   191,
-   201,
-   85,
-   255,
-   181,
-   254,
-   242,
-   175,
-   254,
-   134,
-   79,
-   252,
-   212,
-   79,
-   231,
-   215,
-   127,
-   233,
-   231,
-   184,
-   234,
-   191,
-   198,
    239,
    254,
    222,
    31,
+   0,
    240,
-   243,
-   191,
-   244,
-   203,
-   60,
-   242,
-   225,
-   15,
-   7,
-   224,
-   253,
-   223,
-   247,
-   189,
-   184,
-   234,
-   63,
-   223,
-   231,
-   125,
-   225,
-   151,
-   240,
    178,
    47,
    243,
    210,
    188,
+   223,
+   251,
-   217,
-   155,
    188,
+   39,
-   17,
    87,
    253,
    159,
+   128,
-   131,
    108,
    155,
    171,
    254,
    69,
...
    229,
+   251,
+   190,
+   235,
+   219,
+   120,
+   196,
-   215,
-   127,
-   233,
-   231,
-   216,
-   218,
-   218,
-   228,
-   170,
-   255,
-   58,
-   223,
-   254,
-   157,
-   223,
    195,
-   254,
-   193,
-   1,
    31,
-   243,
-   145,
-   31,
    198,
    85,
    255,
+   53,
+   126,
+   225,
+   151,
+   126,
+   133,
-   249,
-   14,
-   14,
-   14,
-   121,
-   143,
-   247,
-   121,
-   127,
-   190,
-   239,
-   187,
-   190,
-   157,
    31,
    254,
    209,
    31,
+   231,
+   155,
-   7,
-   224,
-   253,
-   223,
-   247,
-   189,
-   184,
-   234,
-   63,
-   223,
-   123,
    190,
-   239,
-   7,
-   242,
-   102,
-   111,
-   242,
-   70,
-   252,
    238,
+   171,
+   217,
+   218,
+   218,
+   228,
+   170,
+   255,
+   124,
+   31,
+   246,
+   145,
+   31,
+   203,
-   239,
-   253,
-   1,
-   0,
-   47,
    251,
-   50,
-   47,
-   205,
-   251,
    189,
    207,
    123,
+   241,
+   178,
+   47,
+   243,
+   82,
+   124,
+   251,
+   119,
+   126,
+   15,
-   114,
-   213,
-   255,
-   9,
-   200,
-   182,
-   185,
-   234,
-   95,
-   244,
-   237,
-   223,
-   249,
-   61,
    0,
+   239,
-   188,
    255,
-   251,
    190,
+   239,
+   197,
+   85,
+   255,
+   249,
+   94,
+   249,
+   53,
+   94,
+   151,
+   119,
+   122,
+   135,
+   183,
+   227,
+   3,
+   222,
-   23,
    247,
+   189,
+   1,
+   248,
+   196,
+   79,
+   249,
+   116,
+   222,
+   236,
+   77,
+   223,
+   152,
+   55,
    123,
+   147,
+   55,
+   226,
+   170,
+   255,
+   245,
+   144,
+   109,
+   115,
+   213,
+   191,
+   232,
+   219,
+   191,
+   243,
+   123,
+   216,
+   63,
+   56,
+   224,
+   99,
+   62,
+   242,
+   195,
+   184,
+   223,
+   43,
+   191,
+   198,
+   235,
+   242,
+   199,
+   191,
+   247,
+   155,
-   229,
-   215,
-   120,
-   93,
-   190,
-   239,
-   187,
-   190,
-   141,
-   71,
-   60,
-   252,
-   97,
    92,
    245,
    95,
    227,
    23,
...
    247,
+   11,
+   191,
+   244,
+   43,
+   124,
-   97,
-   31,
-   249,
-   177,
-   188,
-   223,
    251,
-   188,
-   23,
-   47,
-   251,
-   50,
-   47,
-   197,
-   183,
-   127,
-   231,
-   247,
-   0,
-   240,
-   254,
-   239,
-   251,
-   94,
-   92,
-   245,
-   159,
-   239,
-   149,
-   95,
-   227,
-   117,
-   121,
-   167,
    119,
-   120,
-   59,
-   62,
-   224,
    125,
+   15,
+   111,
+   254,
+   38,
+   111,
+   12,
+   192,
-   223,
-   27,
-   128,
-   79,
-   252,
-   148,
-   79,
-   231,
-   205,
-   222,
-   244,
-   141,
-   121,
-   179,
-   55,
-   121,
-   35,
-   174,
-   250,
    95,
+   254,
+   213,
+   95,
+   3,
+   240,
+   166,
+   111,
+   242,
+   70,
+   188,
-   15,
    217,
+   155,
+   188,
+   17,
-   54,
    87,
    253,
+   231,
+   122,
+   253,
+   55,
+   121,
+   11,
-   139,
    190,
+   244,
+   11,
-   253,
-   59,
-   191,
-   135,
-   253,
-   131,
-   3,
-   62,
-   230,
-   35,
    63,
+   159,
-   140,
-   251,
-   189,
-   242,
-   107,
-   188,
-   46,
-   127,
-   252,
-   123,
-   191,
-   201,
-   85,
-   255,
-   53,
-   126,
-   225,
    151,
+   125,
+   153,
+   151,
+   2,
+   224,
+   23,
    126,
+   233,
+   87,
+   248,
+   157,
+   223,
+   251,
+   125,
-   133,
-   31,
-   254,
-   209,
-   31,
-   231,
-   155,
    190,
+   244,
+   11,
+   63,
+   143,
-   238,
    171,
+   254,
+   215,
+   67,
+   182,
+   205,
+   85,
-   217,
-   218,
-   218,
-   228,
-   170,
    255,
+   162,
+   39,
+   63,
+   229,
+   169,
    124,
+   222,
+   23,
+   126,
+   9,
+   223,
+   251,
+   157,
+   223,
+   10,
+   192,
+   95,
+   254,
+   213,
+   223,
-   191,
    240,
+   121,
+   95,
+   248,
+   197,
-   75,
-   191,
-   194,
-   183,
-   127,
-   215,
-   247,
-   240,
-   230,
-   111,
-   242,
-   198,
-   0,
    252,
+   212,
+   143,
+   253,
+   16,
+   87,
+   253,
+   231,
+   251,
+   133,
-   229,
    95,
+   250,
+   21,
+   126,
+   248,
+   71,
+   127,
+   156,
-   253,
-   53,
-   0,
    111,
    250,
+   186,
+   175,
+   102,
+   107,
+   107,
-   38,
-   111,
-   196,
-   155,
-   189,
-   201,
-   27,
-   113,
-   213,
-   127,
-   174,
-   215,
-   127,
    147,
+   171,
+   254,
+   107,
-   183,
-   224,
-   75,
-   191,
-   240,
-   243,
-   121,
-   217,
-   151,
-   121,
-   41,
-   0,
-   126,
-   225,
-   151,
-   126,
-   133,
-   223,
-   249,
-   189,
-   223,
-   231,
-   75,
-   191,
-   240,
-   243,
-   184,
-   234,
-   127,
-   61,
-   100,
-   219,
-   92,
-   245,
-   47,
-   122,
-   242,
-   83,
-   158,
-   202,
-   231,
-   125,
-   225,
-   151,
-   240,
-   189,
-   223,
-   249,
-   173,
-   0,
    252,
    229,
    95,
    253,
    13,
-   159,
-   247,
-   133,
-   95,
-   204,
-   79,
-   253,
-   216,
-   15,
-   113,
-   213,
    127,
+   249,
+   87,
-   190,
-   95,
-   248,
-   165,
-   95,
-   225,
-   135,
    127,
+   205,
+   253,
+   254,
+   242,
-   244,
-   199,
-   249,
-   166,
    175,
+   254,
+   26,
+   128,
+   55,
+   123,
+   211,
+   55,
+   230,
+   205,
+   222,
+   228,
+   141,
+   184,
-   251,
-   106,
-   182,
-   182,
-   54,
-   185,
    234,
+   63,
+   215,
+   39,
+   126,
+   234,
+   103,
+   240,
+   230,
+   111,
+   242,
-   191,
    198,
+   188,
+   230,
+   107,
+   188,
+   26,
+   0,
+   223,
-   95,
    254,
+   157,
-   213,
    223,
+   195,
+   254,
+   193,
+   1,
+   31,
+   243,
+   145,
+   31,
+   198,
+   85,
-   240,
-   151,
-   127,
-   245,
-   215,
-   220,
-   239,
-   47,
    255,
+   235,
+   33,
+   219,
+   230,
+   170,
+   23,
+   201,
+   135,
+   126,
+   196,
+   199,
+   176,
+   189,
-   234,
-   175,
-   1,
-   120,
    179,
+   205,
-   55,
-   125,
-   99,
-   222,
-   236,
-   77,
-   222,
-   136,
-   171,
-   254,
-   115,
-   125,
-   226,
-   167,
-   126,
-   6,
-   111,
-   254,
-   38,
-   111,
-   204,
    107,
+   189,
-   190,
    198,
    171,
+   243,
+   195,
+   63,
+   250,
+   227,
+   188,
+   255,
+   251,
+   188,
+   23,
+   175,
-   1,
-   240,
-   237,
-   223,
    249,
+   26,
+   175,
+   198,
+   85,
+   255,
+   185,
+   158,
+   252,
+   148,
+   167,
+   242,
-   61,
-   236,
-   31,
-   28,
-   240,
-   49,
-   31,
-   249,
-   97,
-   92,
-   245,
-   191,
    30,
+   239,
+   243,
+   1,
+   188,
+   243,
-   178,
-   109,
-   174,
-   122,
-   145,
-   124,
-   232,
-   71,
-   124,
-   12,
-   219,
    59,
+   190,
+   61,
    219,
+   91,
+   91,
+   220,
+   239,
+   77,
+   223,
+   228,
+   141,
+   184,
+   254,
+   186,
-   188,
-   214,
    107,
+   185,
+   234,
+   191,
-   188,
-   58,
-   63,
-   252,
-   163,
-   63,
    206,
+   183,
+   127,
+   231,
+   247,
+   0,
+   240,
+   254,
+   239,
    251,
+   94,
-   191,
-   207,
-   123,
-   241,
-   154,
-   175,
-   241,
-   106,
    92,
    245,
    159,
-   235,
-   201,
-   79,
-   121,
-   42,
    239,
+   47,
+   255,
+   234,
+   111,
+   248,
+   188,
+   47,
+   252,
+   98,
-   241,
    62,
+   224,
-   31,
-   192,
-   59,
-   191,
-   227,
-   219,
-   179,
-   189,
-   181,
-   197,
    253,
    222,
+   7,
+   128,
-   244,
-   77,
-   222,
-   136,
-   235,
    175,
+   250,
+   218,
+   175,
+   231,
+   27,
+   191,
+   246,
-   187,
-   150,
    171,
+   120,
+   196,
+   195,
+   31,
+   198,
-   254,
-   235,
-   124,
-   251,
-   119,
-   126,
-   15,
-   0,
-   239,
-   255,
-   190,
-   239,
-   197,
    85,
    255,
+   235,
+   33,
+   219,
-   249,
-   254,
-   242,
-   175,
-   254,
-   134,
-   207,
-   251,
-   194,
-   47,
    230,
-   3,
-   222,
-   239,
-   125,
-   0,
-   248,
    170,
+   23,
+   201,
+   193,
+   193,
+   33,
-   175,
-   253,
-   122,
-   190,
-   241,
-   107,
    191,
+   240,
+   75,
-   138,
-   71,
-   60,
-   252,
-   97,
-   92,
-   245,
    191,
+   204,
+   254,
+   254,
+   1,
+   143,
+   124,
+   196,
+   195,
+   121,
+   205,
+   215,
+   120,
+   53,
-   30,
-   178,
-   109,
    174,
+   250,
+   207,
+   119,
+   247,
+   61,
+   247,
-   122,
-   145,
-   28,
-   28,
-   28,
    242,
    11,
    191,
+   248,
-   244,
    203,
-   236,
-   239,
-   31,
-   240,
-   200,
-   71,
    60,
+   183,
+   55,
+   123,
+   211,
+   55,
+   230,
+   250,
+   235,
+   174,
+   229,
-   156,
-   215,
-   124,
-   141,
-   87,
-   227,
    170,
    255,
+   58,
+   127,
+   249,
+   87,
+   127,
+   3,
+   192,
+   203,
+   190,
-   124,
-   119,
-   223,
-   115,
-   47,
-   191,
-   240,
-   139,
-   191,
    204,
+   75,
+   113,
+   213,
+   127,
+   141,
+   187,
+   239,
+   185,
+   151,
+   95,
+   248,
+   197,
+   95,
+   6,
+   224,
+   181,
+   94,
+   243,
+   213,
+   121,
+   196,
+   195,
+   31,
+   198,
+   85,
+   255,
+   39,
+   32,
+   219,
+   230,
+   170,
+   171,
-   115,
-   123,
-   179,
-   55,
-   125,
-   99,
    174,
+   186,
+   234,
+   170,
+   171,
-   191,
-   238,
-   90,
    174,
    250,
    175,
+   132,
+   108,
+   155,
+   171,
+   174,
+   186,
+   234,
+   170,
+   171,
+   174,
+   186,
+   234,
+   191,
+   18,
-   243,
-   151,
-   127,
-   245,
-   55,
-   0,
-   188,
-   236,
-   203,
-   188,
-   20,
-   87,
-   253,
-   215,
-   184,
-   251,
-   158,
-   123,
-   249,
-   133,
-   95,
-   252,
-   101,
-   0,
-   94,
-   235,
-   53,
-   95,
-   157,
-   71,
-   60,
-   252,
-   97,
-   92,
-   245,
-   127,
-   2,
    178,
    109,
    174,
    186,
    234,
...
    74,
+   252,
+   35,
+   64,
+   26,
+   69,
-   200,
-   182,
-   185,
-   234,
-   170,
-   171,
-   174,
-   186,
-   234,
-   170,
-   171,
-   254,
-   43,
    33,
+   193,
+   188,
+   173,
+   55,
-   219,
-   230,
-   170,
-   171,
-   174,
-   186,
-   234,
-   170,
-   171,
-   174,
-   250,
-   175,
-   196,
-   63,
-   2,
-   144,
-   200,
-   222,
-   33,
-   176,
-   177,
-   245,
-   131,
    0,
    0,
    0,
    0,
    73,

    at Object.<anonymous> (/Users/jeickmeier/Projects/finstack-chart/scripts/bindings/shape_stack_updates.cjs:14:356)
    at Module._compile (node:internal/modules/cjs/loader:1812:14)
    at Object..js (node:internal/modules/cjs/loader:1943:10)
    at Module.load (node:internal/modules/cjs/loader:1533:32)
    at Module._load (node:internal/modules/cjs/loader:1335:12)
    at wrapModuleLoad (node:internal/modules/cjs/loader:255:19)
    at Module.executeUserEntryPoint [as runMain] (node:internal/modules/run_main:154:5)
    at node:internal/main/run_main_module:33:47 {
  generatedMessage: false,
  code: 'ERR_ASSERTION',
  actual: Uint8Array(19472) [
    137,  80,  78,  71,  13,  10,  26,  10,   0,   0,   0,  13,
     73,  72,  68,  82,   0,   0,   1, 224,   0,   0,   1,   4,
      8,   6,   0,   0,   0, 240,   1, 231,   1,   0,   0,   0,
      9, 112,  72,  89, 115,   0,   0,  11,  19,   0,   0,  11,
     19,   1,   0, 154, 156,  24,   0,   0,  75, 194,  73,  68,
     65,  84, 120,   1, 237, 192,   3, 160,  36,  89, 150, 198,
    241, 255, 119, 238, 141, 200, 204, 167, 114,  75,  99, 174,
    109, 219, 182, 109, 219, 182, 109, 219, 182, 109, 105, 140,
    158, 150,  74, 175,
    ... 19372 more items
  ],
  expected: Uint8Array(19748) [
    137,  80,  78,  71,  13,  10,  26,  10,   0,   0,   0,  13,
     73,  72,  68,  82,   0,   0,   1, 224,   0,   0,   1,   4,
      8,   6,   0,   0,   0, 240,   1, 231,   1,   0,   0,   0,
      9, 112,  72,  89, 115,   0,   0,  11,  19,   0,   0,  11,
     19,   1,   0, 154, 156,  24,   0,   0,  76, 214,  73,  68,
     65,  84, 120,   1, 237, 192,   3, 160,  36,  89, 150, 198,
    241, 255, 119, 238, 141, 200, 204, 167, 114,  75,  99, 174,
    109, 219, 182, 109, 219, 182, 109, 219, 182, 109, 105, 140,
    158, 150,  74, 175,
    ... 19648 more items
  ],
  operator: 'deepStrictEqual',
  diff: 'simple'
}

Node.js v24.14.0
Traceback (most recent call last):
  File "/tmp/stack-integrated-wasm.py", line 9, in <module>
    subprocess.run(['node','scripts/bindings/shape_stack_updates.cjs',str(module),str(out/'updates-wasm.json')],check=True)
    ~~~~~~~~~~~~~~^^^^^^^^^^^^^^^^^^^^^^^^^^^^^^^^^^^^^^^^^^^^^^^^^^^^^^^^^^^^^^^^^^^^^^^^^^^^^^^^^^^^^^^^^^^^^^^^^^^^^^^^^
  File "/Users/jeickmeier/.local/share/mise/installs/python/3.14.6/lib/python3.14/subprocess.py", line 578, in run
    raise CalledProcessError(retcode, process.args,
                             output=stdout, stderr=stderr)
subprocess.CalledProcessError: Command '['node', 'scripts/bindings/shape_stack_updates.cjs', '/Users/jeickmeier/Projects/finstack-chart/target/shape-stack/wasm-module', '/Users/jeickmeier/Projects/finstack-chart/target/shape-stack/updates-wasm.json']' returned non-zero exit status 1.
